seq,key,time,price,size,sequence,bid,ask,last,bidSize,askSize,lastSize,quoteTime,tradeTime,level,bidIncr,askIncr,TimeDate,TradeDate,QuoteDate
12393,QQQ,1603320658749,285.31,25,126242,285.28,285.32,0,0,0,0,0,0,3,0,0,10/21/2020 10:50:58 PM,1/1/1970 12:00:00 AM,1/1/1970 12:00:00 AM
12394,QQQ,1603320682905,285.27,100,126243,285.27,285.32,0,0,0,0,0,0,2,0,0,10/21/2020 10:51:22 PM,1/1/1970 12:00:00 AM,1/1/1970 12:00:00 AM
12395,QQQ,1603320701329,285.25,100,126244,285.24,0,0,0,0,0,0,0,0,0,0,10/21/2020 10:51:41 PM,1/1/1970 12:00:00 AM,1/1/1970 12:00:00 AM
12396,QQQ,1603320718930,285.2,200,126245,285.2,285.23,0,0,0,0,0,0,2,0,0,10/21/2020 10:51:58 PM,1/1/1970 12:00:00 AM,1/1/1970 12:00:00 AM
12397,QQQ,1603320733583,285.2,400,126246,285.2,285.23,0,0,0,0,0,0,2,0,0,10/21/2020 10:52:13 PM,1/1/1970 12:00:00 AM,1/1/1970 12:00:00 AM
12398,QQQ,1603320738251,285.21,20,126247,285.2,285.23,0,0,0,0,0,0,2,0,0,10/21/2020 10:52:18 PM,1/1/1970 12:00:00 AM,1/1/1970 12:00:00 AM
12399,QQQ,1603320804574,285.17,100,126248,285.17,285.19,0,0,0,0,0,0,2,0,0,10/21/2020 10:53:24 PM,1/1/1970 12:00:00 AM,1/1/1970 12:00:00 AM
12400,QQQ,1603320816566,285.16,25,126249,285.14,285.18,0,0,0,0,0,0,3,0,0,10/21/2020 10:53:36 PM,1/1/1970 12:00:00 AM,1/1/1970 12:00:00 AM
12401,QQQ,1603320895898,285.12,600,126250,285.1,285.13,0,0,0,0,0,0,3,0,0,10/21/2020 10:54:55 PM,1/1/1970 12:00:00 AM,1/1/1970 12:00:00 AM
12402,QQQ,1603320976307,285.12,5,126251,285.11,0,0,0,0,0,0,0,0,0,0,10/21/2020 10:56:16 PM,1/1/1970 12:00:00 AM,1/1/1970 12:00:00 AM
12403,QQQ,1603320977941,285.11,1,126252,285.11,0,0,0,0,0,0,0,0,0,0,10/21/2020 10:56:17 PM,1/1/1970 12:00:00 AM,1/1/1970 12:00:00 AM
12404,QQQ,1603321005919,285.15,19,126253,285.14,285.18,0,0,0,0,0,0,2,0,0,10/21/2020 10:56:45 PM,1/1/1970 12:00:00 AM,1/1/1970 12:00:00 AM
12405,QQQ,1603321045820,285.12,30,126254,285.12,0,0,0,0,0,0,0,0,0,0,10/21/2020 10:57:25 PM,1/1/1970 12:00:00 AM,1/1/1970 12:00:00 AM
12406,QQQ,1603321057980,285.11,20,126255,285.1,285.14,0,0,0,0,0,0,2,0,0,10/21/2020 10:57:37 PM,1/1/1970 12:00:00 AM,1/1/1970 12:00:00 AM
12407,QQQ,1603321058807,285.11,600,126256,285.1,285.14,0,0,0,0,0,0,2,0,0,10/21/2020 10:57:38 PM,1/1/1970 12:00:00 AM,1/1/1970 12:00:00 AM
12408,QQQ,1603321058807,285.11,375,126257,285.1,285.14,0,0,0,0,0,0,2,0,0,10/21/2020 10:57:38 PM,1/1/1970 12:00:00 AM,1/1/1970 12:00:00 AM
12409,QQQ,1603321058816,285.1,100,126258,285.1,285.14,0,0,0,0,0,0,2,0,0,10/21/2020 10:57:38 PM,1/1/1970 12:00:00 AM,1/1/1970 12:00:00 AM
12410,QQQ,1603321082751,285.03,200,126259,285.04,285.09,0,0,0,0,0,0,1,0,0,10/21/2020 10:58:02 PM,1/1/1970 12:00:00 AM,1/1/1970 12:00:00 AM
12411,QQQ,1603321082751,285.04,600,126260,285.04,285.09,0,0,0,0,0,0,2,0,0,10/21/2020 10:58:02 PM,1/1/1970 12:00:00 AM,1/1/1970 12:00:00 AM
12412,QQQ,1603321082752,285.01,100,126261,285.04,285.09,0,0,0,0,0,0,1,0,0,10/21/2020 10:58:02 PM,1/1/1970 12:00:00 AM,1/1/1970 12:00:00 AM
12413,QQQ,1603321082752,285,20,126262,285.04,285.09,0,0,0,0,0,0,1,0,0,10/21/2020 10:58:02 PM,1/1/1970 12:00:00 AM,1/1/1970 12:00:00 AM
12414,QQQ,1603321082752,285,100,126263,285.04,285.09,0,0,0,0,0,0,1,0,0,10/21/2020 10:58:02 PM,1/1/1970 12:00:00 AM,1/1/1970 12:00:00 AM
12415,QQQ,1603321082752,284.98,10,126264,285.04,285.09,0,0,0,0,0,0,1,0,0,10/21/2020 10:58:02 PM,1/1/1970 12:00:00 AM,1/1/1970 12:00:00 AM
12416,QQQ,1603321082774,284.96,50,126265,285.04,285.09,0,0,0,0,0,0,1,0,0,10/21/2020 10:58:02 PM,1/1/1970 12:00:00 AM,1/1/1970 12:00:00 AM
12417,QQQ,1603321082774,284.96,100,126266,285.04,285.09,0,0,0,0,0,0,1,0,0,10/21/2020 10:58:02 PM,1/1/1970 12:00:00 AM,1/1/1970 12:00:00 AM
12418,QQQ,1603321084758,284.96,20,126267,284.91,284.96,0,0,0,0,0,0,4,0,0,10/21/2020 10:58:04 PM,1/1/1970 12:00:00 AM,1/1/1970 12:00:00 AM
12419,QQQ,1603321086545,284.95,6,126268,284.93,284.97,0,0,0,0,0,0,3,0,0,10/21/2020 10:58:06 PM,1/1/1970 12:00:00 AM,1/1/1970 12:00:00 AM
12420,QQQ,1603321086545,284.95,6,126269,284.93,284.97,0,0,0,0,0,0,3,0,0,10/21/2020 10:58:06 PM,1/1/1970 12:00:00 AM,1/1/1970 12:00:00 AM
12421,QQQ,1603321086545,284.95,7,126270,284.93,284.97,0,0,0,0,0,0,3,0,0,10/21/2020 10:58:06 PM,1/1/1970 12:00:00 AM,1/1/1970 12:00:00 AM
12422,QQQ,1603321086545,284.95,6,126271,284.93,284.97,0,0,0,0,0,0,3,0,0,10/21/2020 10:58:06 PM,1/1/1970 12:00:00 AM,1/1/1970 12:00:00 AM
12423,QQQ,1603321086545,284.95,14,126272,284.93,284.97,0,0,0,0,0,0,3,0,0,10/21/2020 10:58:06 PM,1/1/1970 12:00:00 AM,1/1/1970 12:00:00 AM
12424,QQQ,1603321100723,284.96,200,126273,284.96,0,0,0,0,0,0,0,0,0,0,10/21/2020 10:58:20 PM,1/1/1970 12:00:00 AM,1/1/1970 12:00:00 AM
12425,QQQ,1603321100723,284.96,200,126274,284.96,0,0,0,0,0,0,0,0,0,0,10/21/2020 10:58:20 PM,1/1/1970 12:00:00 AM,1/1/1970 12:00:00 AM
12426,QQQ,1603321106982,284.98,200,126275,284.96,0,0,0,0,0,0,0,0,0,0,10/21/2020 10:58:26 PM,1/1/1970 12:00:00 AM,1/1/1970 12:00:00 AM
12427,QQQ,1603321106982,284.98,200,126276,284.96,0,0,0,0,0,0,0,0,0,0,10/21/2020 10:58:26 PM,1/1/1970 12:00:00 AM,1/1/1970 12:00:00 AM
12428,QQQ,1603321112814,285.019,100,126277,285.01,0,0,0,0,0,0,0,0,0,0,10/21/2020 10:58:32 PM,1/1/1970 12:00:00 AM,1/1/1970 12:00:00 AM
12429,QQQ,1603321149136,285.05,100,126278,285.03,0,0,0,0,0,0,0,0,0,0,10/21/2020 10:59:09 PM,1/1/1970 12:00:00 AM,1/1/1970 12:00:00 AM
12430,QQQ,1603321167557,285,1,126279,284.99,285.03,0,0,0,0,0,0,3,0,0,10/21/2020 10:59:27 PM,1/1/1970 12:00:00 AM,1/1/1970 12:00:00 AM
12431,QQQ,1603321177708,284.92,200,126280,284.92,284.97,0,0,0,0,0,0,2,0,0,10/21/2020 10:59:37 PM,1/1/1970 12:00:00 AM,1/1/1970 12:00:00 AM
12432,QQQ,1603321177708,284.92,600,126281,284.92,284.97,0,0,0,0,0,0,2,0,0,10/21/2020 10:59:37 PM,1/1/1970 12:00:00 AM,1/1/1970 12:00:00 AM
12433,QQQ,1603321187401,284.93,1,126282,284.93,0,0,0,0,0,0,0,0,0,0,10/21/2020 10:59:47 PM,1/1/1970 12:00:00 AM,1/1/1970 12:00:00 AM
12434,QQQ,1603321192333,284.9,30,126283,284.91,284.96,0,0,0,0,0,0,1,0,0,10/21/2020 10:59:52 PM,1/1/1970 12:00:00 AM,1/1/1970 12:00:00 AM
12435,QQQ,1603321195740,284.9,200,126284,284.9,284.95,0,0,0,0,0,0,2,0,0,10/21/2020 10:59:55 PM,1/1/1970 12:00:00 AM,1/1/1970 12:00:00 AM
12436,QQQ,1603321195740,284.9,300,126285,284.9,284.95,0,0,0,0,0,0,2,0,0,10/21/2020 10:59:55 PM,1/1/1970 12:00:00 AM,1/1/1970 12:00:00 AM
12437,QQQ,1603321226302,285.02,30,126286,285.02,0,0,0,0,0,0,0,0,0,0,10/21/2020 11:00:26 PM,1/1/1970 12:00:00 AM,1/1/1970 12:00:00 AM
12438,QQQ,1603321236010,285.06,10,126287,285.03,0,0,0,0,0,0,0,0,0,0,10/21/2020 11:00:36 PM,1/1/1970 12:00:00 AM,1/1/1970 12:00:00 AM
12439,QQQ,1603321239683,285,50,126288,285,285.04,0,0,0,0,0,0,2,0,0,10/21/2020 11:00:39 PM,1/1/1970 12:00:00 AM,1/1/1970 12:00:00 AM
12440,QQQ,1603321285583,284.98,10,126289,284.96,285,0,0,0,0,0,0,3,0,0,10/21/2020 11:01:25 PM,1/1/1970 12:00:00 AM,1/1/1970 12:00:00 AM
12441,QQQ,1603321285583,284.96,40,126290,284.96,285,0,0,0,0,0,0,2,0,0,10/21/2020 11:01:25 PM,1/1/1970 12:00:00 AM,1/1/1970 12:00:00 AM
12442,QQQ,1603321287842,284.97,200,126291,284.96,285,0,0,0,0,0,0,3,0,0,10/21/2020 11:01:27 PM,1/1/1970 12:00:00 AM,1/1/1970 12:00:00 AM
12443,QQQ,1603321287842,284.97,100,126292,284.96,285,0,0,0,0,0,0,3,0,0,10/21/2020 11:01:27 PM,1/1/1970 12:00:00 AM,1/1/1970 12:00:00 AM
12444,QQQ,1603321291396,284.97,200,126293,284.97,285.02,0,0,0,0,0,0,2,0,0,10/21/2020 11:01:31 PM,1/1/1970 12:00:00 AM,1/1/1970 12:00:00 AM
12445,QQQ,1603321291396,284.97,300,126294,284.97,285.02,0,0,0,0,0,0,2,0,0,10/21/2020 11:01:31 PM,1/1/1970 12:00:00 AM,1/1/1970 12:00:00 AM
12446,QQQ,1603321320636,284.97,20,126295,284.95,0,0,0,0,0,0,0,0,0,0,10/21/2020 11:02:00 PM,1/1/1970 12:00:00 AM,1/1/1970 12:00:00 AM
12447,QQQ,1603321345948,284.97,100,126296,284.96,0,0,0,0,0,0,0,0,0,0,10/21/2020 11:02:25 PM,1/1/1970 12:00:00 AM,1/1/1970 12:00:00 AM
12448,QQQ,1603321364680,284.99,75,126297,284.95,0,0,0,0,0,0,0,0,0,0,10/21/2020 11:02:44 PM,1/1/1970 12:00:00 AM,1/1/1970 12:00:00 AM
12449,QQQ,1603321392829,284.96,3,126298,284.95,0,0,0,0,0,0,0,0,0,0,10/21/2020 11:03:12 PM,1/1/1970 12:00:00 AM,1/1/1970 12:00:00 AM
12450,QQQ,1603321392829,284.96,25,126299,284.95,0,0,0,0,0,0,0,0,0,0,10/21/2020 11:03:12 PM,1/1/1970 12:00:00 AM,1/1/1970 12:00:00 AM
12451,QQQ,1603321392831,284.95,200,126300,284.95,0,0,0,0,0,0,0,0,0,0,10/21/2020 11:03:12 PM,1/1/1970 12:00:00 AM,1/1/1970 12:00:00 AM
12452,QQQ,1603321392831,284.95,200,126301,284.95,0,0,0,0,0,0,0,0,0,0,10/21/2020 11:03:12 PM,1/1/1970 12:00:00 AM,1/1/1970 12:00:00 AM
12453,QQQ,1603321392831,284.95,200,126302,284.95,0,0,0,0,0,0,0,0,0,0,10/21/2020 11:03:12 PM,1/1/1970 12:00:00 AM,1/1/1970 12:00:00 AM
12454,QQQ,1603321394416,284.95,100,126303,284.94,284.95,0,0,0,0,0,0,4,0,0,10/21/2020 11:03:14 PM,1/1/1970 12:00:00 AM,1/1/1970 12:00:00 AM
12455,QQQ,1603321404059,284.95,100,126304,284.94,284.95,0,0,0,0,0,0,4,0,0,10/21/2020 11:03:24 PM,1/1/1970 12:00:00 AM,1/1/1970 12:00:00 AM
12456,QQQ,1603321406715,284.95,900,126305,284.94,284.95,0,0,0,0,0,0,4,0,0,10/21/2020 11:03:26 PM,1/1/1970 12:00:00 AM,1/1/1970 12:00:00 AM
12457,QQQ,1603321406715,284.95,200,126306,284.94,284.95,0,0,0,0,0,0,4,0,0,10/21/2020 11:03:26 PM,1/1/1970 12:00:00 AM,1/1/1970 12:00:00 AM
12458,QQQ,1603321406715,284.95,900,126307,284.94,284.95,0,0,0,0,0,0,4,0,0,10/21/2020 11:03:26 PM,1/1/1970 12:00:00 AM,1/1/1970 12:00:00 AM
12459,QQQ,1603321406715,284.95,172,126308,284.94,284.95,0,0,0,0,0,0,4,0,0,10/21/2020 11:03:26 PM,1/1/1970 12:00:00 AM,1/1/1970 12:00:00 AM
12460,QQQ,1603321443533,284.96,100,126309,284.96,0,0,0,0,0,0,0,0,0,0,10/21/2020 11:04:03 PM,1/1/1970 12:00:00 AM,1/1/1970 12:00:00 AM
12461,QQQ,1603321450485,284.82,1,126310,284.92,284.96,0,0,0,0,0,0,1,0,0,10/21/2020 11:04:10 PM,1/1/1970 12:00:00 AM,1/1/1970 12:00:00 AM
12462,QQQ,1603321450582,284.8,70,126311,284.92,284.96,0,0,0,0,0,0,1,0,0,10/21/2020 11:04:10 PM,1/1/1970 12:00:00 AM,1/1/1970 12:00:00 AM
12463,QQQ,1603321450582,284.8,20,126312,284.92,284.96,0,0,0,0,0,0,1,0,0,10/21/2020 11:04:10 PM,1/1/1970 12:00:00 AM,1/1/1970 12:00:00 AM
12464,QQQ,1603321450657,284.78,15,126313,284.77,284.82,0,0,0,0,0,0,3,0,0,10/21/2020 11:04:10 PM,1/1/1970 12:00:00 AM,1/1/1970 12:00:00 AM
12465,QQQ,1603321450657,284.78,15,126314,284.77,284.82,0,0,0,0,0,0,3,0,0,10/21/2020 11:04:10 PM,1/1/1970 12:00:00 AM,1/1/1970 12:00:00 AM
12466,QQQ,1603321453772,284.76,200,126315,284.76,284.8,0,0,0,0,0,0,2,0,0,10/21/2020 11:04:13 PM,1/1/1970 12:00:00 AM,1/1/1970 12:00:00 AM
12467,QQQ,1603321453772,284.76,200,126316,284.76,284.8,0,0,0,0,0,0,2,0,0,10/21/2020 11:04:13 PM,1/1/1970 12:00:00 AM,1/1/1970 12:00:00 AM
12468,QQQ,1603321453772,284.76,200,126317,284.76,284.8,0,0,0,0,0,0,2,0,0,10/21/2020 11:04:13 PM,1/1/1970 12:00:00 AM,1/1/1970 12:00:00 AM
12469,QQQ,1603321453772,284.76,200,126318,284.76,284.8,0,0,0,0,0,0,2,0,0,10/21/2020 11:04:13 PM,1/1/1970 12:00:00 AM,1/1/1970 12:00:00 AM
12470,QQQ,1603321453772,284.76,200,126319,284.76,284.8,0,0,0,0,0,0,2,0,0,10/21/2020 11:04:13 PM,1/1/1970 12:00:00 AM,1/1/1970 12:00:00 AM
12471,QQQ,1603321457621,284.7,100,126320,284.73,284.77,0,0,0,0,0,0,1,0,0,10/21/2020 11:04:17 PM,1/1/1970 12:00:00 AM,1/1/1970 12:00:00 AM
12472,QQQ,1603321462482,284.73,200,126321,284.76,284.81,0,0,0,0,0,0,1,0,0,10/21/2020 11:04:22 PM,1/1/1970 12:00:00 AM,1/1/1970 12:00:00 AM
12473,QQQ,1603321462482,284.73,600,126322,284.76,284.81,0,0,0,0,0,0,1,0,0,10/21/2020 11:04:22 PM,1/1/1970 12:00:00 AM,1/1/1970 12:00:00 AM
12474,QQQ,1603321462482,284.73,200,126323,284.76,284.81,0,0,0,0,0,0,1,0,0,10/21/2020 11:04:22 PM,1/1/1970 12:00:00 AM,1/1/1970 12:00:00 AM
12475,QQQ,1603321463913,284.74,5,126324,284.73,284.78,0,0,0,0,0,0,2,0,0,10/21/2020 11:04:23 PM,1/1/1970 12:00:00 AM,1/1/1970 12:00:00 AM
12476,QQQ,1603321473711,284.73,200,126325,284.74,284.77,0,0,0,0,0,0,1,0,0,10/21/2020 11:04:33 PM,1/1/1970 12:00:00 AM,1/1/1970 12:00:00 AM
12477,QQQ,1603321473711,284.72,200,126326,284.74,284.77,0,0,0,0,0,0,1,0,0,10/21/2020 11:04:33 PM,1/1/1970 12:00:00 AM,1/1/1970 12:00:00 AM
12478,QQQ,1603321473711,284.72,100,126327,284.74,284.77,0,0,0,0,0,0,1,0,0,10/21/2020 11:04:33 PM,1/1/1970 12:00:00 AM,1/1/1970 12:00:00 AM
12479,QQQ,1603321473711,284.74,100,126328,284.74,284.77,0,0,0,0,0,0,2,0,0,10/21/2020 11:04:33 PM,1/1/1970 12:00:00 AM,1/1/1970 12:00:00 AM
12480,QQQ,1603321473711,284.73,200,126329,284.74,284.77,0,0,0,0,0,0,1,0,0,10/21/2020 11:04:33 PM,1/1/1970 12:00:00 AM,1/1/1970 12:00:00 AM
12481,QQQ,1603321473711,284.73,200,126330,284.74,284.77,0,0,0,0,0,0,1,0,0,10/21/2020 11:04:33 PM,1/1/1970 12:00:00 AM,1/1/1970 12:00:00 AM
12482,QQQ,1603321476140,284.74,200,126331,284.74,284.78,0,0,0,0,0,0,2,0,0,10/21/2020 11:04:36 PM,1/1/1970 12:00:00 AM,1/1/1970 12:00:00 AM
12483,QQQ,1603321476140,284.74,188,126332,284.74,284.78,0,0,0,0,0,0,2,0,0,10/21/2020 11:04:36 PM,1/1/1970 12:00:00 AM,1/1/1970 12:00:00 AM
12484,QQQ,1603321481438,284.83,200,126333,284.78,0,0,0,0,0,0,0,0,0,0,10/21/2020 11:04:41 PM,1/1/1970 12:00:00 AM,1/1/1970 12:00:00 AM
12485,QQQ,1603321490946,284.8,200,126334,284.79,0,0,0,0,0,0,0,0,0,0,10/21/2020 11:04:50 PM,1/1/1970 12:00:00 AM,1/1/1970 12:00:00 AM
12486,QQQ,1603321496165,284.84,20,126335,284.8,0,0,0,0,0,0,0,0,0,0,10/21/2020 11:04:56 PM,1/1/1970 12:00:00 AM,1/1/1970 12:00:00 AM
12487,QQQ,1603321496890,284.8,300,126336,284.8,0,0,0,0,0,0,0,0,0,0,10/21/2020 11:04:56 PM,1/1/1970 12:00:00 AM,1/1/1970 12:00:00 AM
12488,QQQ,1603321500143,284.83,200,126337,284.83,284.88,0,0,0,0,0,0,2,0,0,10/21/2020 11:05:00 PM,1/1/1970 12:00:00 AM,1/1/1970 12:00:00 AM
12489,QQQ,1603321500143,284.83,200,126338,284.83,284.88,0,0,0,0,0,0,2,0,0,10/21/2020 11:05:00 PM,1/1/1970 12:00:00 AM,1/1/1970 12:00:00 AM
12490,QQQ,1603321500143,284.83,100,126339,284.83,284.88,0,0,0,0,0,0,2,0,0,10/21/2020 11:05:00 PM,1/1/1970 12:00:00 AM,1/1/1970 12:00:00 AM
12491,QQQ,1603321518310,285.01,100,126340,284.98,0,0,0,0,0,0,0,0,0,0,10/21/2020 11:05:18 PM,1/1/1970 12:00:00 AM,1/1/1970 12:00:00 AM
12492,QQQ,1603321523146,285.02,200,126341,284.97,285.02,0,0,0,0,0,0,4,0,0,10/21/2020 11:05:23 PM,1/1/1970 12:00:00 AM,1/1/1970 12:00:00 AM
12493,QQQ,1603321538285,284.93,200,126342,284.91,284.96,0,0,0,0,0,0,3,0,0,10/21/2020 11:05:38 PM,1/1/1970 12:00:00 AM,1/1/1970 12:00:00 AM
12494,QQQ,1603321601034,284.91,5,126343,284.9,284.94,0,0,0,0,0,0,3,0,0,10/21/2020 11:06:41 PM,1/1/1970 12:00:00 AM,1/1/1970 12:00:00 AM
12495,QQQ,1603321627076,284.94,200,126344,284.93,0,0,0,0,0,0,0,0,0,0,10/21/2020 11:07:07 PM,1/1/1970 12:00:00 AM,1/1/1970 12:00:00 AM
12496,QQQ,1603321633931,284.94,200,126345,284.94,0,0,0,0,0,0,0,0,0,0,10/21/2020 11:07:13 PM,1/1/1970 12:00:00 AM,1/1/1970 12:00:00 AM
12497,QQQ,1603321633931,284.94,200,126346,284.94,0,0,0,0,0,0,0,0,0,0,10/21/2020 11:07:13 PM,1/1/1970 12:00:00 AM,1/1/1970 12:00:00 AM
12498,QQQ,1603321633931,284.94,200,126347,284.94,0,0,0,0,0,0,0,0,0,0,10/21/2020 11:07:13 PM,1/1/1970 12:00:00 AM,1/1/1970 12:00:00 AM
12499,QQQ,1603321633931,284.94,200,126348,284.94,0,0,0,0,0,0,0,0,0,0,10/21/2020 11:07:13 PM,1/1/1970 12:00:00 AM,1/1/1970 12:00:00 AM
12500,QQQ,1603321633931,284.94,200,126349,284.94,0,0,0,0,0,0,0,0,0,0,10/21/2020 11:07:13 PM,1/1/1970 12:00:00 AM,1/1/1970 12:00:00 AM
12501,QQQ,1603321633932,284.931,600,126350,284.94,0,0,0,0,0,0,0,0,0,0,10/21/2020 11:07:13 PM,1/1/1970 12:00:00 AM,1/1/1970 12:00:00 AM
12502,QQQ,1603321633936,284.93,300,126351,284.94,0,0,0,0,0,0,0,0,0,0,10/21/2020 11:07:13 PM,1/1/1970 12:00:00 AM,1/1/1970 12:00:00 AM
12503,QQQ,1603321658488,284.93,200,126352,284.89,0,0,0,0,0,0,0,0,0,0,10/21/2020 11:07:38 PM,1/1/1970 12:00:00 AM,1/1/1970 12:00:00 AM
12504,QQQ,1603321676595,284.9,210,126353,284.91,0,0,0,0,0,0,0,0,0,0,10/21/2020 11:07:56 PM,1/1/1970 12:00:00 AM,1/1/1970 12:00:00 AM
3133,QQQ,1603321822177,284.98,120,126354,284.98,284.98,0,0,0,0,0,0,2,0,0,10/21/2020 11:10:22 PM,1/1/1970 12:00:00 AM,1/1/1970 12:00:00 AM
3134,QQQ,1603321843024,285,1,126355,284.96,285,0,0,0,0,0,0,4,0,0,10/21/2020 11:10:43 PM,1/1/1970 12:00:00 AM,1/1/1970 12:00:00 AM
3135,QQQ,1603321856600,285,20,126356,285,285.04,0,0,0,0,0,0,2,0,0,10/21/2020 11:10:56 PM,1/1/1970 12:00:00 AM,1/1/1970 12:00:00 AM
3136,QQQ,1603321859332,285,600,126357,285,285.05,0,0,0,0,0,0,2,0,0,10/21/2020 11:10:59 PM,1/1/1970 12:00:00 AM,1/1/1970 12:00:00 AM
3137,QQQ,1603321859332,285,200,126358,285,285.05,0,0,0,0,0,0,2,0,0,10/21/2020 11:10:59 PM,1/1/1970 12:00:00 AM,1/1/1970 12:00:00 AM
3138,QQQ,1603321859332,285,500,126359,285,285.05,0,0,0,0,0,0,2,0,0,10/21/2020 11:10:59 PM,1/1/1970 12:00:00 AM,1/1/1970 12:00:00 AM
3139,QQQ,1603321902235,285.02,5,126360,285.02,285.06,0,0,0,0,0,0,2,0,0,10/21/2020 11:11:42 PM,1/1/1970 12:00:00 AM,1/1/1970 12:00:00 AM
3140,QQQ,1603321911085,285.04,1,126361,285.04,285.09,0,0,0,0,0,0,2,0,0,10/21/2020 11:11:51 PM,1/1/1970 12:00:00 AM,1/1/1970 12:00:00 AM
3141,QQQ,1603321931461,285.1,100,126362,285.04,285.1,0,0,0,0,0,0,4,0,0,10/21/2020 11:12:11 PM,1/1/1970 12:00:00 AM,1/1/1970 12:00:00 AM
3142,QQQ,1603321934121,285.1,100,126363,285.09,285.1,0,0,0,0,0,0,4,0,0,10/21/2020 11:12:14 PM,1/1/1970 12:00:00 AM,1/1/1970 12:00:00 AM
3143,QQQ,1603321934121,285.1,1,126364,285.09,285.1,0,0,0,0,0,0,4,0,0,10/21/2020 11:12:14 PM,1/1/1970 12:00:00 AM,1/1/1970 12:00:00 AM
3144,QQQ,1603321949439,285.07,50,126365,285.07,285.11,0,0,0,0,0,0,2,0,0,10/21/2020 11:12:29 PM,1/1/1970 12:00:00 AM,1/1/1970 12:00:00 AM
3145,QQQ,1603322037271,285.13,100,126366,285.13,285.14,0,0,0,0,0,0,2,0,0,10/21/2020 11:13:57 PM,1/1/1970 12:00:00 AM,1/1/1970 12:00:00 AM
3146,QQQ,1603322037286,285.14,100,126367,285.13,285.14,0,0,0,0,0,0,4,0,0,10/21/2020 11:13:57 PM,1/1/1970 12:00:00 AM,1/1/1970 12:00:00 AM
3147,QQQ,1603322078733,285.15,150,126368,285.11,285.15,0,0,0,0,0,0,4,0,0,10/21/2020 11:14:38 PM,1/1/1970 12:00:00 AM,1/1/1970 12:00:00 AM
3148,QQQ,1603322177417,285.14,100,126369,285.14,285.15,0,0,0,0,0,0,2,0,0,10/21/2020 11:16:17 PM,1/1/1970 12:00:00 AM,1/1/1970 12:00:00 AM
3149,QQQ,1603322188168,285.15,100,126370,285.1,285.15,0,0,0,0,0,0,4,0,0,10/21/2020 11:16:28 PM,1/1/1970 12:00:00 AM,1/1/1970 12:00:00 AM
3150,QQQ,1603322322743,285.09,2,126371,285.09,285.13,0,0,0,0,0,0,2,0,0,10/21/2020 11:18:42 PM,1/1/1970 12:00:00 AM,1/1/1970 12:00:00 AM
4827,QQQ,1603322526486,284.87,50,126397,284.87,284.88,0,0,0,0,0,0,2,0,0,10/21/2020 7:22:06 PM,1/1/1970 12:00:00 AM,1/1/1970 12:00:00 AM
4828,QQQ,1603322526797,284.87,1000,126398,284.87,284.88,0,0,0,0,0,0,2,0,0,10/21/2020 7:22:06 PM,1/1/1970 12:00:00 AM,1/1/1970 12:00:00 AM
4829,QQQ,1603322527164,284.87,46,126399,284.87,284.88,0,0,0,0,0,0,2,0,0,10/21/2020 7:22:07 PM,1/1/1970 12:00:00 AM,1/1/1970 12:00:00 AM
4830,QQQ,1603322527165,284.87,100,126400,284.87,284.88,0,0,0,0,0,0,2,0,0,10/21/2020 7:22:07 PM,1/1/1970 12:00:00 AM,1/1/1970 12:00:00 AM
4831,QQQ,1603322537013,284.78,200,126401,284.78,284.82,0,0,0,0,0,0,2,0,0,10/21/2020 7:22:17 PM,1/1/1970 12:00:00 AM,1/1/1970 12:00:00 AM
4832,QQQ,1603322537524,284.74,100,126402,284.78,284.82,0,0,0,0,0,0,1,0,0,10/21/2020 7:22:17 PM,1/1/1970 12:00:00 AM,1/1/1970 12:00:00 AM
4833,QQQ,1603322541110,284.7,50,126403,284.68,284.73,0,0,0,0,0,0,3,0,0,10/21/2020 7:22:21 PM,1/1/1970 12:00:00 AM,1/1/1970 12:00:00 AM
4834,QQQ,1603322541117,284.67,300,126404,284.68,284.73,0,0,0,0,0,0,1,0,0,10/21/2020 7:22:21 PM,1/1/1970 12:00:00 AM,1/1/1970 12:00:00 AM
4835,QQQ,1603322542494,284.65,200,126405,284.59,284.63,0,0,0,0,0,0,5,0,0,10/21/2020 7:22:22 PM,1/1/1970 12:00:00 AM,1/1/1970 12:00:00 AM
4836,QQQ,1603322543782,284.6,20,126406,284.61,284.65,0,0,0,0,0,0,1,0,0,10/21/2020 7:22:23 PM,1/1/1970 12:00:00 AM,1/1/1970 12:00:00 AM
4837,QQQ,1603322551598,284.55,500,126407,284.56,284.6,0,0,0,0,0,0,1,0,0,10/21/2020 7:22:31 PM,1/1/1970 12:00:00 AM,1/1/1970 12:00:00 AM
4838,QQQ,1603322551598,284.55,70,126408,284.56,284.6,0,0,0,0,0,0,1,0,0,10/21/2020 7:22:31 PM,1/1/1970 12:00:00 AM,1/1/1970 12:00:00 AM
4839,QQQ,1603322551605,284.52,7,126409,284.56,284.6,0,0,0,0,0,0,1,0,0,10/21/2020 7:22:31 PM,1/1/1970 12:00:00 AM,1/1/1970 12:00:00 AM
4840,QQQ,1603322551635,284.5,100,126410,284.56,284.6,0,0,0,0,0,0,1,0,0,10/21/2020 7:22:31 PM,1/1/1970 12:00:00 AM,1/1/1970 12:00:00 AM
4841,QQQ,1603322551635,284.5,10,126411,284.56,284.6,0,0,0,0,0,0,1,0,0,10/21/2020 7:22:31 PM,1/1/1970 12:00:00 AM,1/1/1970 12:00:00 AM
4842,QQQ,1603322551635,284.5,200,126412,284.56,284.6,0,0,0,0,0,0,1,0,0,10/21/2020 7:22:31 PM,1/1/1970 12:00:00 AM,1/1/1970 12:00:00 AM
4843,QQQ,1603322551635,284.5,50,126413,284.56,284.6,0,0,0,0,0,0,1,0,0,10/21/2020 7:22:31 PM,1/1/1970 12:00:00 AM,1/1/1970 12:00:00 AM
4844,QQQ,1603322551646,284.48,1,126414,284.56,284.6,0,0,0,0,0,0,1,0,0,10/21/2020 7:22:31 PM,1/1/1970 12:00:00 AM,1/1/1970 12:00:00 AM
4845,QQQ,1603322551646,284.48,1,126415,284.56,284.6,0,0,0,0,0,0,1,0,0,10/21/2020 7:22:31 PM,1/1/1970 12:00:00 AM,1/1/1970 12:00:00 AM
4846,QQQ,1603322552520,284.4,20,126416,284.41,284.45,0,0,0,0,0,0,1,0,0,10/21/2020 7:22:32 PM,1/1/1970 12:00:00 AM,1/1/1970 12:00:00 AM
4847,QQQ,1603322552520,284.41,600,126417,284.41,284.45,0,0,0,0,0,0,2,0,0,10/21/2020 7:22:32 PM,1/1/1970 12:00:00 AM,1/1/1970 12:00:00 AM
4848,QQQ,1603322552520,284.4,20,126418,284.41,284.45,0,0,0,0,0,0,1,0,0,10/21/2020 7:22:32 PM,1/1/1970 12:00:00 AM,1/1/1970 12:00:00 AM
4849,QQQ,1603322552520,284.4,200,126419,284.41,284.45,0,0,0,0,0,0,1,0,0,10/21/2020 7:22:32 PM,1/1/1970 12:00:00 AM,1/1/1970 12:00:00 AM
4850,QQQ,1603322552520,284.4,1000,126420,284.41,284.45,0,0,0,0,0,0,1,0,0,10/21/2020 7:22:32 PM,1/1/1970 12:00:00 AM,1/1/1970 12:00:00 AM
4851,QQQ,1603322552520,284.4,500,126421,284.41,284.45,0,0,0,0,0,0,1,0,0,10/21/2020 7:22:32 PM,1/1/1970 12:00:00 AM,1/1/1970 12:00:00 AM
4852,QQQ,1603322552520,284.4,15,126422,284.41,284.45,0,0,0,0,0,0,1,0,0,10/21/2020 7:22:32 PM,1/1/1970 12:00:00 AM,1/1/1970 12:00:00 AM
4853,QQQ,1603322552520,284.4,50,126423,284.41,284.45,0,0,0,0,0,0,1,0,0,10/21/2020 7:22:32 PM,1/1/1970 12:00:00 AM,1/1/1970 12:00:00 AM
4854,QQQ,1603322552521,284.35,160,126424,284.41,284.45,0,0,0,0,0,0,1,0,0,10/21/2020 7:22:32 PM,1/1/1970 12:00:00 AM,1/1/1970 12:00:00 AM
4855,QQQ,1603322552521,284.39,500,126425,284.41,284.45,0,0,0,0,0,0,1,0,0,10/21/2020 7:22:32 PM,1/1/1970 12:00:00 AM,1/1/1970 12:00:00 AM
4856,QQQ,1603322552521,284.35,300,126426,284.41,284.45,0,0,0,0,0,0,1,0,0,10/21/2020 7:22:32 PM,1/1/1970 12:00:00 AM,1/1/1970 12:00:00 AM
4857,QQQ,1603322552607,284.33,30,126427,284.41,284.45,0,0,0,0,0,0,1,0,0,10/21/2020 7:22:32 PM,1/1/1970 12:00:00 AM,1/1/1970 12:00:00 AM
4858,QQQ,1603322552607,284.33,230,126428,284.41,284.45,0,0,0,0,0,0,1,0,0,10/21/2020 7:22:32 PM,1/1/1970 12:00:00 AM,1/1/1970 12:00:00 AM
4859,QQQ,1603322552744,284.3,50,126429,284.41,284.45,0,0,0,0,0,0,1,0,0,10/21/2020 7:22:32 PM,1/1/1970 12:00:00 AM,1/1/1970 12:00:00 AM
4860,QQQ,1603322552744,284.3,5,126430,284.41,284.45,0,0,0,0,0,0,1,0,0,10/21/2020 7:22:32 PM,1/1/1970 12:00:00 AM,1/1/1970 12:00:00 AM
4861,QQQ,1603322552749,284.29,50,126431,284.41,284.45,0,0,0,0,0,0,1,0,0,10/21/2020 7:22:32 PM,1/1/1970 12:00:00 AM,1/1/1970 12:00:00 AM
4862,QQQ,1603322556520,284.37,14,126432,284.33,284.34,0,0,0,0,0,0,5,0,0,10/21/2020 7:22:36 PM,1/1/1970 12:00:00 AM,1/1/1970 12:00:00 AM
4863,QQQ,1603322556520,284.37,14,126433,284.33,284.34,0,0,0,0,0,0,5,0,0,10/21/2020 7:22:36 PM,1/1/1970 12:00:00 AM,1/1/1970 12:00:00 AM
4864,QQQ,1603322556520,284.37,14,126434,284.33,284.34,0,0,0,0,0,0,5,0,0,10/21/2020 7:22:36 PM,1/1/1970 12:00:00 AM,1/1/1970 12:00:00 AM
4865,QQQ,1603322556520,284.37,15,126435,284.33,284.34,0,0,0,0,0,0,5,0,0,10/21/2020 7:22:36 PM,1/1/1970 12:00:00 AM,1/1/1970 12:00:00 AM
4866,QQQ,1603322579657,284.57,100,126436,284.52,284.57,0,0,0,0,0,0,4,0,0,10/21/2020 7:22:59 PM,1/1/1970 12:00:00 AM,1/1/1970 12:00:00 AM
4867,QQQ,1603322586119,284.53,100,126437,284.53,284.58,0,0,0,0,0,0,2,0,0,10/21/2020 7:23:06 PM,1/1/1970 12:00:00 AM,1/1/1970 12:00:00 AM
4868,QQQ,1603322586122,284.53,100,126438,284.53,284.58,0,0,0,0,0,0,2,0,0,10/21/2020 7:23:06 PM,1/1/1970 12:00:00 AM,1/1/1970 12:00:00 AM
4869,QQQ,1603322592240,284.53,75,126439,284.48,284.53,0,0,0,0,0,0,4,0,0,10/21/2020 7:23:12 PM,1/1/1970 12:00:00 AM,1/1/1970 12:00:00 AM
4870,QQQ,1603322622717,284.56,100,126440,284.56,284.61,0,0,0,0,0,0,2,0,0,10/21/2020 7:23:42 PM,1/1/1970 12:00:00 AM,1/1/1970 12:00:00 AM
4871,QQQ,1603322637508,284.62,5,126441,284.56,284.61,0,0,0,0,0,0,5,0,0,10/21/2020 7:23:57 PM,1/1/1970 12:00:00 AM,1/1/1970 12:00:00 AM
4872,QQQ,1603322639443,284.62,100,126442,284.56,284.61,0,0,0,0,0,0,5,0,0,10/21/2020 7:23:59 PM,1/1/1970 12:00:00 AM,1/1/1970 12:00:00 AM
4873,QQQ,1603322651473,284.6,200,126443,284.55,284.59,0,0,0,0,0,0,5,0,0,10/21/2020 7:24:11 PM,1/1/1970 12:00:00 AM,1/1/1970 12:00:00 AM
4874,QQQ,1603322651473,284.6,300,126444,284.55,284.59,0,0,0,0,0,0,5,0,0,10/21/2020 7:24:11 PM,1/1/1970 12:00:00 AM,1/1/1970 12:00:00 AM
4875,QQQ,1603322655324,284.56,75,126445,284.57,284.62,0,0,0,0,0,0,1,0,0,10/21/2020 7:24:15 PM,1/1/1970 12:00:00 AM,1/1/1970 12:00:00 AM
4876,QQQ,1603322673848,284.56,120,126446,284.57,284.61,0,0,0,0,0,0,1,0,0,10/21/2020 7:24:33 PM,1/1/1970 12:00:00 AM,1/1/1970 12:00:00 AM
4877,QQQ,1603322675667,284.59,200,126447,284.55,284.6,0,0,0,0,0,0,3,0,0,10/21/2020 7:24:35 PM,1/1/1970 12:00:00 AM,1/1/1970 12:00:00 AM
4878,QQQ,1603322675672,284.59,800,126448,284.55,284.6,0,0,0,0,0,0,3,0,0,10/21/2020 7:24:35 PM,1/1/1970 12:00:00 AM,1/1/1970 12:00:00 AM
4879,QQQ,1603322676139,284.58,50,126449,284.55,284.59,0,0,0,0,0,0,3,0,0,10/21/2020 7:24:36 PM,1/1/1970 12:00:00 AM,1/1/1970 12:00:00 AM
4880,QQQ,1603322680164,284.55,8,126450,284.53,284.58,0,0,0,0,0,0,3,0,0,10/21/2020 7:24:40 PM,1/1/1970 12:00:00 AM,1/1/1970 12:00:00 AM
4881,QQQ,1603322681285,284.54,100,126451,284.49,284.55,0,0,0,0,0,0,4,0,0,10/21/2020 7:24:41 PM,1/1/1970 12:00:00 AM,1/1/1970 12:00:00 AM
4882,QQQ,1603322702189,284.5,300,126452,284.48,284.52,0,0,0,0,0,0,3,0,0,10/21/2020 7:25:02 PM,1/1/1970 12:00:00 AM,1/1/1970 12:00:00 AM
4883,QQQ,1603322702189,284.49,500,126453,284.48,284.52,0,0,0,0,0,0,2,0,0,10/21/2020 7:25:02 PM,1/1/1970 12:00:00 AM,1/1/1970 12:00:00 AM
4884,QQQ,1603322702689,284.52,200,126454,284.49,284.52,0,0,0,0,0,0,4,0,0,10/21/2020 7:25:02 PM,1/1/1970 12:00:00 AM,1/1/1970 12:00:00 AM
4885,QQQ,1603322705772,284.49,100,126455,284.49,284.54,0,0,0,0,0,0,2,0,0,10/21/2020 7:25:05 PM,1/1/1970 12:00:00 AM,1/1/1970 12:00:00 AM
4886,QQQ,1603322705772,284.49,300,126456,284.49,284.54,0,0,0,0,0,0,2,0,0,10/21/2020 7:25:05 PM,1/1/1970 12:00:00 AM,1/1/1970 12:00:00 AM
4887,QQQ,1603322705772,284.49,600,126457,284.49,284.54,0,0,0,0,0,0,2,0,0,10/21/2020 7:25:05 PM,1/1/1970 12:00:00 AM,1/1/1970 12:00:00 AM
4888,QQQ,1603322711751,284.52,300,126458,284.5,284.52,0,0,0,0,0,0,4,0,0,10/21/2020 7:25:11 PM,1/1/1970 12:00:00 AM,1/1/1970 12:00:00 AM
4889,QQQ,1603322721481,284.59,200,126459,284.58,284.62,0,0,0,0,0,0,3,0,0,10/21/2020 7:25:21 PM,1/1/1970 12:00:00 AM,1/1/1970 12:00:00 AM
4890,QQQ,1603322721481,284.58,200,126460,284.58,284.62,0,0,0,0,0,0,2,0,0,10/21/2020 7:25:21 PM,1/1/1970 12:00:00 AM,1/1/1970 12:00:00 AM
4891,QQQ,1603322721481,284.58,100,126461,284.58,284.62,0,0,0,0,0,0,2,0,0,10/21/2020 7:25:21 PM,1/1/1970 12:00:00 AM,1/1/1970 12:00:00 AM
4892,QQQ,1603322723331,284.64,200,126462,284.6,284.65,0,0,0,0,0,0,4,0,0,10/21/2020 7:25:23 PM,1/1/1970 12:00:00 AM,1/1/1970 12:00:00 AM
4893,QQQ,1603322729884,284.58,200,126463,284.58,284.62,0,0,0,0,0,0,2,0,0,10/21/2020 7:25:29 PM,1/1/1970 12:00:00 AM,1/1/1970 12:00:00 AM
4894,QQQ,1603322745380,284.63,2,126464,284.64,284.69,0,0,0,0,0,0,1,0,0,10/21/2020 7:25:45 PM,1/1/1970 12:00:00 AM,1/1/1970 12:00:00 AM
4895,QQQ,1603322746615,284.68,1,126465,284.63,284.69,0,0,0,0,0,0,3,0,0,10/21/2020 7:25:46 PM,1/1/1970 12:00:00 AM,1/1/1970 12:00:00 AM
4896,QQQ,1603322767179,284.63,43,126466,284.63,284.68,0,0,0,0,0,0,2,0,0,10/21/2020 7:26:07 PM,1/1/1970 12:00:00 AM,1/1/1970 12:00:00 AM
4897,QQQ,1603322786216,284.64,1,126467,284.64,284.67,0,0,0,0,0,0,2,0,0,10/21/2020 7:26:26 PM,1/1/1970 12:00:00 AM,1/1/1970 12:00:00 AM
4898,QQQ,1603322815874,284.67,300,126468,284.62,284.67,0,0,0,0,0,0,4,0,0,10/21/2020 7:26:55 PM,1/1/1970 12:00:00 AM,1/1/1970 12:00:00 AM
4899,QQQ,1603322817595,284.67,100,126469,284.63,284.67,0,0,0,0,0,0,4,0,0,10/21/2020 7:26:57 PM,1/1/1970 12:00:00 AM,1/1/1970 12:00:00 AM
4900,QQQ,1603322840344,284.67,100,126470,284.66,284.67,0,0,0,0,0,0,4,0,0,10/21/2020 7:27:20 PM,1/1/1970 12:00:00 AM,1/1/1970 12:00:00 AM
4901,QQQ,1603322860021,284.69,2,126471,284.64,284.69,0,0,0,0,0,0,4,0,0,10/21/2020 7:27:40 PM,1/1/1970 12:00:00 AM,1/1/1970 12:00:00 AM
4902,QQQ,1603322862776,284.67,47,126472,284.63,284.69,0,0,0,0,0,0,3,0,0,10/21/2020 7:27:42 PM,1/1/1970 12:00:00 AM,1/1/1970 12:00:00 AM
4903,QQQ,1603322890855,284.65,1,126473,284.61,284.66,0,0,0,0,0,0,3,0,0,10/21/2020 7:28:10 PM,1/1/1970 12:00:00 AM,1/1/1970 12:00:00 AM
4904,QQQ,1603322955171,284.59,500,126474,284.59,284.6,0,0,0,0,0,0,2,0,0,10/21/2020 7:29:15 PM,1/1/1970 12:00:00 AM,1/1/1970 12:00:00 AM
4905,QQQ,1603322955172,284.59,200,126475,284.59,284.6,0,0,0,0,0,0,2,0,0,10/21/2020 7:29:15 PM,1/1/1970 12:00:00 AM,1/1/1970 12:00:00 AM
4906,QQQ,1603322955173,284.59,200,126476,284.59,284.6,0,0,0,0,0,0,2,0,0,10/21/2020 7:29:15 PM,1/1/1970 12:00:00 AM,1/1/1970 12:00:00 AM
4907,QQQ,1603322955174,284.59,200,126477,284.59,284.6,0,0,0,0,0,0,2,0,0,10/21/2020 7:29:15 PM,1/1/1970 12:00:00 AM,1/1/1970 12:00:00 AM
4908,QQQ,1603322955175,284.59,200,126478,284.59,284.6,0,0,0,0,0,0,2,0,0,10/21/2020 7:29:15 PM,1/1/1970 12:00:00 AM,1/1/1970 12:00:00 AM
4909,QQQ,1603322955175,284.59,200,126479,284.59,284.6,0,0,0,0,0,0,2,0,0,10/21/2020 7:29:15 PM,1/1/1970 12:00:00 AM,1/1/1970 12:00:00 AM
4910,QQQ,1603322955175,284.59,370,126480,284.59,284.6,0,0,0,0,0,0,2,0,0,10/21/2020 7:29:15 PM,1/1/1970 12:00:00 AM,1/1/1970 12:00:00 AM
4911,QQQ,1603322960161,284.58,100,126481,284.57,284.58,0,0,0,0,0,0,4,0,0,10/21/2020 7:29:20 PM,1/1/1970 12:00:00 AM,1/1/1970 12:00:00 AM
4912,QQQ,1603322961971,284.57,80,126482,284.54,284.58,0,0,0,0,0,0,4,0,0,10/21/2020 7:29:21 PM,1/1/1970 12:00:00 AM,1/1/1970 12:00:00 AM
4913,QQQ,1603322972565,284.54,100,126483,284.5,284.55,0,0,0,0,0,0,4,0,0,10/21/2020 7:29:32 PM,1/1/1970 12:00:00 AM,1/1/1970 12:00:00 AM
4914,QQQ,1603322982185,284.5,33,126484,284.5,284.55,0,0,0,0,0,0,2,0,0,10/21/2020 7:29:42 PM,1/1/1970 12:00:00 AM,1/1/1970 12:00:00 AM
4915,QQQ,1603322982185,284.5,300,126485,284.5,284.55,0,0,0,0,0,0,2,0,0,10/21/2020 7:29:42 PM,1/1/1970 12:00:00 AM,1/1/1970 12:00:00 AM
4916,QQQ,1603323011786,284.53,5,126486,284.48,284.53,0,0,0,0,0,0,4,0,0,10/21/2020 7:30:11 PM,1/1/1970 12:00:00 AM,1/1/1970 12:00:00 AM
4917,QQQ,1603323044714,284.61,1,126487,284.57,284.61,0,0,0,0,0,0,4,0,0,10/21/2020 7:30:44 PM,1/1/1970 12:00:00 AM,1/1/1970 12:00:00 AM
4918,QQQ,1603323048169,284.62,100,126488,284.57,284.62,0,0,0,0,0,0,4,0,0,10/21/2020 7:30:48 PM,1/1/1970 12:00:00 AM,1/1/1970 12:00:00 AM
4919,QQQ,1603323052852,284.57,200,126489,284.57,284.62,0,0,0,0,0,0,2,0,0,10/21/2020 7:30:52 PM,1/1/1970 12:00:00 AM,1/1/1970 12:00:00 AM
4920,QQQ,1603323078519,284.6,100,126490,284.6,284.61,0,0,0,0,0,0,2,0,0,10/21/2020 7:31:18 PM,1/1/1970 12:00:00 AM,1/1/1970 12:00:00 AM
4921,QQQ,1603323120149,284.59,11,126491,284.59,284.62,0,0,0,0,0,0,2,0,0,10/21/2020 7:32:00 PM,1/1/1970 12:00:00 AM,1/1/1970 12:00:00 AM
4922,QQQ,1603323127673,284.6,10,126492,284.58,284.62,0,0,0,0,0,0,3,0,0,10/21/2020 7:32:07 PM,1/1/1970 12:00:00 AM,1/1/1970 12:00:00 AM
4923,QQQ,1603323140007,284.6,500,126493,284.6,284.63,0,0,0,0,0,0,2,0,0,10/21/2020 7:32:20 PM,1/1/1970 12:00:00 AM,1/1/1970 12:00:00 AM
4924,QQQ,1603323140007,284.6,500,126494,284.6,284.63,0,0,0,0,0,0,2,0,0,10/21/2020 7:32:20 PM,1/1/1970 12:00:00 AM,1/1/1970 12:00:00 AM
4925,QQQ,1603323153997,284.58,188,126495,284.58,284.6,0,0,0,0,0,0,2,0,0,10/21/2020 7:32:33 PM,1/1/1970 12:00:00 AM,1/1/1970 12:00:00 AM
4926,QQQ,1603323160093,284.6,5,126496,284.56,284.6,0,0,0,0,0,0,4,0,0,10/21/2020 7:32:40 PM,1/1/1970 12:00:00 AM,1/1/1970 12:00:00 AM
4927,QQQ,1603323162843,284.59,20,126497,284.56,284.6,0,0,0,0,0,0,3,0,0,10/21/2020 7:32:42 PM,1/1/1970 12:00:00 AM,1/1/1970 12:00:00 AM
4928,QQQ,1603323180341,284.61,100,126498,284.56,284.61,0,0,0,0,0,0,4,0,0,10/21/2020 7:33:00 PM,1/1/1970 12:00:00 AM,1/1/1970 12:00:00 AM
4929,QQQ,1603323192609,284.58,69,126499,284.57,284.63,0,0,0,0,0,0,2,0,0,10/21/2020 7:33:12 PM,1/1/1970 12:00:00 AM,1/1/1970 12:00:00 AM
4930,QQQ,1603323192773,284.58,31,126500,284.57,284.63,0,0,0,0,0,0,2,0,0,10/21/2020 7:33:12 PM,1/1/1970 12:00:00 AM,1/1/1970 12:00:00 AM
4931,QQQ,1603323209442,284.61,600,126501,284.56,284.61,0,0,0,0,0,0,4,0,0,10/21/2020 7:33:29 PM,1/1/1970 12:00:00 AM,1/1/1970 12:00:00 AM
4932,QQQ,1603323209442,284.61,400,126502,284.56,284.61,0,0,0,0,0,0,4,0,0,10/21/2020 7:33:29 PM,1/1/1970 12:00:00 AM,1/1/1970 12:00:00 AM
4933,QQQ,1603323221116,284.58,1,126503,284.53,284.6,0,0,0,0,0,0,3,0,0,10/21/2020 7:33:41 PM,1/1/1970 12:00:00 AM,1/1/1970 12:00:00 AM
4934,QQQ,1603323221116,284.58,499,126504,284.53,284.6,0,0,0,0,0,0,3,0,0,10/21/2020 7:33:41 PM,1/1/1970 12:00:00 AM,1/1/1970 12:00:00 AM
4935,QQQ,1603323222625,284.54,200,126505,284.53,284.57,0,0,0,0,0,0,3,0,0,10/21/2020 7:33:42 PM,1/1/1970 12:00:00 AM,1/1/1970 12:00:00 AM
4936,QQQ,1603323230762,284.55,1,126506,284.55,284.57,0,0,0,0,0,0,2,0,0,10/21/2020 7:33:50 PM,1/1/1970 12:00:00 AM,1/1/1970 12:00:00 AM
4937,QQQ,1603323235453,284.57,200,126507,284.54,284.57,0,0,0,0,0,0,4,0,0,10/21/2020 7:33:55 PM,1/1/1970 12:00:00 AM,1/1/1970 12:00:00 AM
49768,QQQ,1603323625526,283.42,25,127089,283.42,283.45,0,0,0,0,0,0,2,0,0,10/21/2020 7:40:25 PM,1/1/1970 12:00:00 AM,1/1/1970 12:00:00 AM
49769,QQQ,1603323626726,283.39,500,127090,283.42,283.47,0,0,0,0,0,0,1,0,0,10/21/2020 7:40:26 PM,1/1/1970 12:00:00 AM,1/1/1970 12:00:00 AM
49770,QQQ,1603323626744,283.4,200,127091,283.42,283.47,0,0,0,0,0,0,1,0,0,10/21/2020 7:40:26 PM,1/1/1970 12:00:00 AM,1/1/1970 12:00:00 AM
49771,QQQ,1603323626744,283.4,200,127092,283.42,283.47,0,0,0,0,0,0,1,0,0,10/21/2020 7:40:26 PM,1/1/1970 12:00:00 AM,1/1/1970 12:00:00 AM
49772,QQQ,1603323626745,283.39,100,127093,283.42,283.47,0,0,0,0,0,0,1,0,0,10/21/2020 7:40:26 PM,1/1/1970 12:00:00 AM,1/1/1970 12:00:00 AM
49773,QQQ,1603323627818,283.44,5,127094,283.39,283.46,0,0,0,0,0,0,3,0,0,10/21/2020 7:40:27 PM,1/1/1970 12:00:00 AM,1/1/1970 12:00:00 AM
49774,QQQ,1603323630314,283.43,1,127095,283.42,283.46,0,0,0,0,0,0,2,0,0,10/21/2020 7:40:30 PM,1/1/1970 12:00:00 AM,1/1/1970 12:00:00 AM
49775,QQQ,1603323631154,283.47,200,127096,283.41,283.47,0,0,0,0,0,0,4,0,0,10/21/2020 7:40:31 PM,1/1/1970 12:00:00 AM,1/1/1970 12:00:00 AM
49776,QQQ,1603323631154,283.47,200,127097,283.41,283.47,0,0,0,0,0,0,4,0,0,10/21/2020 7:40:31 PM,1/1/1970 12:00:00 AM,1/1/1970 12:00:00 AM
49777,QQQ,1603323631154,283.48,200,127098,283.41,283.47,0,0,0,0,0,0,5,0,0,10/21/2020 7:40:31 PM,1/1/1970 12:00:00 AM,1/1/1970 12:00:00 AM
49778,QQQ,1603323631155,283.48,200,127099,283.41,283.47,0,0,0,0,0,0,5,0,0,10/21/2020 7:40:31 PM,1/1/1970 12:00:00 AM,1/1/1970 12:00:00 AM
49779,QQQ,1603323631155,283.48,200,127100,283.41,283.47,0,0,0,0,0,0,5,0,0,10/21/2020 7:40:31 PM,1/1/1970 12:00:00 AM,1/1/1970 12:00:00 AM
49780,QQQ,1603323631155,283.48,200,127101,283.41,283.47,0,0,0,0,0,0,5,0,0,10/21/2020 7:40:31 PM,1/1/1970 12:00:00 AM,1/1/1970 12:00:00 AM
49781,QQQ,1603323631155,283.49,200,127102,283.41,283.47,0,0,0,0,0,0,5,0,0,10/21/2020 7:40:31 PM,1/1/1970 12:00:00 AM,1/1/1970 12:00:00 AM
49782,QQQ,1603323631155,283.49,200,127103,283.41,283.47,0,0,0,0,0,0,5,0,0,10/21/2020 7:40:31 PM,1/1/1970 12:00:00 AM,1/1/1970 12:00:00 AM
49783,QQQ,1603323631155,283.49,200,127104,283.41,283.47,0,0,0,0,0,0,5,0,0,10/21/2020 7:40:31 PM,1/1/1970 12:00:00 AM,1/1/1970 12:00:00 AM
49784,QQQ,1603323631156,283.49,200,127105,283.41,283.47,0,0,0,0,0,0,5,0,0,10/21/2020 7:40:31 PM,1/1/1970 12:00:00 AM,1/1/1970 12:00:00 AM
49785,QQQ,1603323631156,283.5,800,127106,283.41,283.47,0,0,0,0,0,0,5,0,0,10/21/2020 7:40:31 PM,1/1/1970 12:00:00 AM,1/1/1970 12:00:00 AM
49786,QQQ,1603323631156,283.5,1000,127107,283.41,283.47,0,0,0,0,0,0,5,0,0,10/21/2020 7:40:31 PM,1/1/1970 12:00:00 AM,1/1/1970 12:00:00 AM
49787,QQQ,1603323631156,283.5,200,127108,283.41,283.47,0,0,0,0,0,0,5,0,0,10/21/2020 7:40:31 PM,1/1/1970 12:00:00 AM,1/1/1970 12:00:00 AM
49788,QQQ,1603323631156,283.5,1000,127109,283.41,283.47,0,0,0,0,0,0,5,0,0,10/21/2020 7:40:31 PM,1/1/1970 12:00:00 AM,1/1/1970 12:00:00 AM
49789,QQQ,1603323631156,283.5,200,127110,283.41,283.47,0,0,0,0,0,0,5,0,0,10/21/2020 7:40:31 PM,1/1/1970 12:00:00 AM,1/1/1970 12:00:00 AM
49790,QQQ,1603323631157,283.51,200,127111,283.41,283.47,0,0,0,0,0,0,5,0,0,10/21/2020 7:40:31 PM,1/1/1970 12:00:00 AM,1/1/1970 12:00:00 AM
49791,QQQ,1603323631157,283.51,100,127112,283.41,283.47,0,0,0,0,0,0,5,0,0,10/21/2020 7:40:31 PM,1/1/1970 12:00:00 AM,1/1/1970 12:00:00 AM
49792,QQQ,1603323631158,283.51,100,127113,283.41,283.47,0,0,0,0,0,0,5,0,0,10/21/2020 7:40:31 PM,1/1/1970 12:00:00 AM,1/1/1970 12:00:00 AM
49793,QQQ,1603323631158,283.51,200,127114,283.41,283.47,0,0,0,0,0,0,5,0,0,10/21/2020 7:40:31 PM,1/1/1970 12:00:00 AM,1/1/1970 12:00:00 AM
49794,QQQ,1603323631158,283.51,200,127115,283.41,283.47,0,0,0,0,0,0,5,0,0,10/21/2020 7:40:31 PM,1/1/1970 12:00:00 AM,1/1/1970 12:00:00 AM
49795,QQQ,1603323631159,283.52,200,127116,283.41,283.47,0,0,0,0,0,0,5,0,0,10/21/2020 7:40:31 PM,1/1/1970 12:00:00 AM,1/1/1970 12:00:00 AM
49796,QQQ,1603323631159,283.52,200,127117,283.41,283.47,0,0,0,0,0,0,5,0,0,10/21/2020 7:40:31 PM,1/1/1970 12:00:00 AM,1/1/1970 12:00:00 AM
49797,QQQ,1603323631159,283.52,200,127118,283.41,283.47,0,0,0,0,0,0,5,0,0,10/21/2020 7:40:31 PM,1/1/1970 12:00:00 AM,1/1/1970 12:00:00 AM
49798,QQQ,1603323631160,283.52,200,127119,283.41,283.47,0,0,0,0,0,0,5,0,0,10/21/2020 7:40:31 PM,1/1/1970 12:00:00 AM,1/1/1970 12:00:00 AM
49799,QQQ,1603323631160,283.53,200,127120,283.41,283.47,0,0,0,0,0,0,5,0,0,10/21/2020 7:40:31 PM,1/1/1970 12:00:00 AM,1/1/1970 12:00:00 AM
49800,QQQ,1603323631160,283.53,200,127121,283.41,283.47,0,0,0,0,0,0,5,0,0,10/21/2020 7:40:31 PM,1/1/1970 12:00:00 AM,1/1/1970 12:00:00 AM
49801,QQQ,1603323631161,283.54,200,127122,283.41,283.47,0,0,0,0,0,0,5,0,0,10/21/2020 7:40:31 PM,1/1/1970 12:00:00 AM,1/1/1970 12:00:00 AM
49802,QQQ,1603323631161,283.54,200,127123,283.41,283.47,0,0,0,0,0,0,5,0,0,10/21/2020 7:40:31 PM,1/1/1970 12:00:00 AM,1/1/1970 12:00:00 AM
49803,QQQ,1603323631161,283.54,200,127124,283.41,283.47,0,0,0,0,0,0,5,0,0,10/21/2020 7:40:31 PM,1/1/1970 12:00:00 AM,1/1/1970 12:00:00 AM
49804,QQQ,1603323631161,283.55,200,127125,283.41,283.47,0,0,0,0,0,0,5,0,0,10/21/2020 7:40:31 PM,1/1/1970 12:00:00 AM,1/1/1970 12:00:00 AM
49805,QQQ,1603323631161,283.56,200,127126,283.41,283.47,0,0,0,0,0,0,5,0,0,10/21/2020 7:40:31 PM,1/1/1970 12:00:00 AM,1/1/1970 12:00:00 AM
49806,QQQ,1603323631161,283.56,200,127127,283.41,283.47,0,0,0,0,0,0,5,0,0,10/21/2020 7:40:31 PM,1/1/1970 12:00:00 AM,1/1/1970 12:00:00 AM
49807,QQQ,1603323631162,283.56,200,127128,283.41,283.47,0,0,0,0,0,0,5,0,0,10/21/2020 7:40:31 PM,1/1/1970 12:00:00 AM,1/1/1970 12:00:00 AM
49808,QQQ,1603323631162,283.55,800,127129,283.41,283.47,0,0,0,0,0,0,5,0,0,10/21/2020 7:40:31 PM,1/1/1970 12:00:00 AM,1/1/1970 12:00:00 AM
49809,QQQ,1603323631162,283.55,25,127130,283.41,283.47,0,0,0,0,0,0,5,0,0,10/21/2020 7:40:31 PM,1/1/1970 12:00:00 AM,1/1/1970 12:00:00 AM
49810,QQQ,1603323631162,283.58,200,127131,283.41,283.47,0,0,0,0,0,0,5,0,0,10/21/2020 7:40:31 PM,1/1/1970 12:00:00 AM,1/1/1970 12:00:00 AM
49811,QQQ,1603323637939,283.51,75,127132,283.45,283.51,0,0,0,0,0,0,4,0,0,10/21/2020 7:40:37 PM,1/1/1970 12:00:00 AM,1/1/1970 12:00:00 AM
49812,QQQ,1603323641110,283.55,1,127133,283.49,283.55,0,0,0,0,0,0,4,0,0,10/21/2020 7:40:41 PM,1/1/1970 12:00:00 AM,1/1/1970 12:00:00 AM
49813,QQQ,1603323644844,283.49,25,127134,283.43,283.5,0,0,0,0,0,0,3,0,0,10/21/2020 7:40:44 PM,1/1/1970 12:00:00 AM,1/1/1970 12:00:00 AM
49814,QQQ,1603323648971,283.54,25,127135,283.5,283.56,0,0,0,0,0,0,3,0,0,10/21/2020 7:40:48 PM,1/1/1970 12:00:00 AM,1/1/1970 12:00:00 AM
49815,QQQ,1603323650889,283.63,30,127136,283.58,283.67,0,0,0,0,0,0,3,0,0,10/21/2020 7:40:50 PM,1/1/1970 12:00:00 AM,1/1/1970 12:00:00 AM
49816,QQQ,1603323654436,283.62,200,127137,283.55,283.6,0,0,0,0,0,0,5,0,0,10/21/2020 7:40:54 PM,1/1/1970 12:00:00 AM,1/1/1970 12:00:00 AM
49817,QQQ,1603323654437,283.62,200,127138,283.55,283.6,0,0,0,0,0,0,5,0,0,10/21/2020 7:40:54 PM,1/1/1970 12:00:00 AM,1/1/1970 12:00:00 AM
49818,QQQ,1603323654437,283.62,100,127139,283.55,283.6,0,0,0,0,0,0,5,0,0,10/21/2020 7:40:54 PM,1/1/1970 12:00:00 AM,1/1/1970 12:00:00 AM
49819,QQQ,1603323661404,283.68,40,127140,283.67,283.74,0,0,0,0,0,0,2,0,0,10/21/2020 7:41:01 PM,1/1/1970 12:00:00 AM,1/1/1970 12:00:00 AM
49820,QQQ,1603323666899,283.73,1000,127141,283.73,283.75,0,0,0,0,0,0,2,0,0,10/21/2020 7:41:06 PM,1/1/1970 12:00:00 AM,1/1/1970 12:00:00 AM
49821,QQQ,1603323666899,283.73,600,127142,283.73,283.75,0,0,0,0,0,0,2,0,0,10/21/2020 7:41:06 PM,1/1/1970 12:00:00 AM,1/1/1970 12:00:00 AM
49822,QQQ,1603323667475,283.64,50,127143,283.74,283.78,0,0,0,0,0,0,1,0,0,10/21/2020 7:41:07 PM,1/1/1970 12:00:00 AM,1/1/1970 12:00:00 AM
49823,QQQ,1603323669970,283.74,53,127144,283.68,283.74,0,0,0,0,0,0,4,0,0,10/21/2020 7:41:09 PM,1/1/1970 12:00:00 AM,1/1/1970 12:00:00 AM
49824,QQQ,1603323671638,283.64,450,127145,283.67,283.72,0,0,0,0,0,0,1,0,0,10/21/2020 7:41:11 PM,1/1/1970 12:00:00 AM,1/1/1970 12:00:00 AM
49825,QQQ,1603323671638,283.62,330,127146,283.67,283.72,0,0,0,0,0,0,1,0,0,10/21/2020 7:41:11 PM,1/1/1970 12:00:00 AM,1/1/1970 12:00:00 AM
49826,QQQ,1603323672291,283.6,50,127147,283.57,283.64,0,0,0,0,0,0,3,0,0,10/21/2020 7:41:12 PM,1/1/1970 12:00:00 AM,1/1/1970 12:00:00 AM
49827,QQQ,1603323676237,283.65,100,127148,283.58,283.68,0,0,0,0,0,0,3,0,0,10/21/2020 7:41:16 PM,1/1/1970 12:00:00 AM,1/1/1970 12:00:00 AM
49828,QQQ,1603323680390,283.64,200,127149,283.57,283.65,0,0,0,0,0,0,4,0,0,10/21/2020 7:41:20 PM,1/1/1970 12:00:00 AM,1/1/1970 12:00:00 AM
49829,QQQ,1603323680390,283.65,200,127150,283.57,283.65,0,0,0,0,0,0,4,0,0,10/21/2020 7:41:20 PM,1/1/1970 12:00:00 AM,1/1/1970 12:00:00 AM
49830,QQQ,1603323680390,283.64,200,127151,283.57,283.65,0,0,0,0,0,0,4,0,0,10/21/2020 7:41:20 PM,1/1/1970 12:00:00 AM,1/1/1970 12:00:00 AM
49831,QQQ,1603323680390,283.64,200,127152,283.57,283.65,0,0,0,0,0,0,4,0,0,10/21/2020 7:41:20 PM,1/1/1970 12:00:00 AM,1/1/1970 12:00:00 AM
49832,QQQ,1603323680390,283.64,200,127153,283.57,283.65,0,0,0,0,0,0,4,0,0,10/21/2020 7:41:20 PM,1/1/1970 12:00:00 AM,1/1/1970 12:00:00 AM
49833,QQQ,1603323680390,283.64,200,127154,283.57,283.65,0,0,0,0,0,0,4,0,0,10/21/2020 7:41:20 PM,1/1/1970 12:00:00 AM,1/1/1970 12:00:00 AM
49834,QQQ,1603323680390,283.65,100,127155,283.57,283.65,0,0,0,0,0,0,4,0,0,10/21/2020 7:41:20 PM,1/1/1970 12:00:00 AM,1/1/1970 12:00:00 AM
49835,QQQ,1603323690277,283.57,200,127156,283.57,283.6,0,0,0,0,0,0,2,0,0,10/21/2020 7:41:30 PM,1/1/1970 12:00:00 AM,1/1/1970 12:00:00 AM
49836,QQQ,1603323690277,283.57,600,127157,283.57,283.6,0,0,0,0,0,0,2,0,0,10/21/2020 7:41:30 PM,1/1/1970 12:00:00 AM,1/1/1970 12:00:00 AM
49837,QQQ,1603323691223,283.5,500,127158,283.5,283.54,0,0,0,0,0,0,2,0,0,10/21/2020 7:41:31 PM,1/1/1970 12:00:00 AM,1/1/1970 12:00:00 AM
49838,QQQ,1603323691223,283.5,100,127159,283.5,283.54,0,0,0,0,0,0,2,0,0,10/21/2020 7:41:31 PM,1/1/1970 12:00:00 AM,1/1/1970 12:00:00 AM
49839,QQQ,1603323691223,283.5,400,127160,283.5,283.54,0,0,0,0,0,0,2,0,0,10/21/2020 7:41:31 PM,1/1/1970 12:00:00 AM,1/1/1970 12:00:00 AM
49840,QQQ,1603323694144,283.7,100,127161,283.63,283.7,0,0,0,0,0,0,4,0,0,10/21/2020 7:41:34 PM,1/1/1970 12:00:00 AM,1/1/1970 12:00:00 AM
49841,QQQ,1603323694490,283.7,600,127162,283.63,283.7,0,0,0,0,0,0,4,0,0,10/21/2020 7:41:34 PM,1/1/1970 12:00:00 AM,1/1/1970 12:00:00 AM
49842,QQQ,1603323696513,283.62,200,127163,283.62,283.69,0,0,0,0,0,0,2,0,0,10/21/2020 7:41:36 PM,1/1/1970 12:00:00 AM,1/1/1970 12:00:00 AM
49843,QQQ,1603323696514,283.62,200,127164,283.62,283.69,0,0,0,0,0,0,2,0,0,10/21/2020 7:41:36 PM,1/1/1970 12:00:00 AM,1/1/1970 12:00:00 AM
49844,QQQ,1603323696514,283.62,200,127165,283.62,283.69,0,0,0,0,0,0,2,0,0,10/21/2020 7:41:36 PM,1/1/1970 12:00:00 AM,1/1/1970 12:00:00 AM
49845,QQQ,1603323696515,283.62,146,127166,283.62,283.69,0,0,0,0,0,0,2,0,0,10/21/2020 7:41:36 PM,1/1/1970 12:00:00 AM,1/1/1970 12:00:00 AM
49846,QQQ,1603323709222,283.7,7,127167,283.6,283.66,0,0,0,0,0,0,5,0,0,10/21/2020 7:41:49 PM,1/1/1970 12:00:00 AM,1/1/1970 12:00:00 AM
49847,QQQ,1603323709222,283.68,7,127168,283.6,283.66,0,0,0,0,0,0,5,0,0,10/21/2020 7:41:49 PM,1/1/1970 12:00:00 AM,1/1/1970 12:00:00 AM
49848,QQQ,1603323717226,283.71,7,127169,283.64,283.7,0,0,0,0,0,0,5,0,0,10/21/2020 7:41:57 PM,1/1/1970 12:00:00 AM,1/1/1970 12:00:00 AM
49849,QQQ,1603323729923,283.63,1,127170,283.63,283.68,0,0,0,0,0,0,2,0,0,10/21/2020 7:42:09 PM,1/1/1970 12:00:00 AM,1/1/1970 12:00:00 AM
49850,QQQ,1603323736783,283.68,500,127171,283.68,283.68,0,0,0,0,0,0,2,0,0,10/21/2020 7:42:16 PM,1/1/1970 12:00:00 AM,1/1/1970 12:00:00 AM
49851,QQQ,1603323741432,283.77,1,127172,283.7,283.77,0,0,0,0,0,0,4,0,0,10/21/2020 7:42:21 PM,1/1/1970 12:00:00 AM,1/1/1970 12:00:00 AM
49852,QQQ,1603323741432,283.78,200,127173,283.7,283.77,0,0,0,0,0,0,5,0,0,10/21/2020 7:42:21 PM,1/1/1970 12:00:00 AM,1/1/1970 12:00:00 AM
49853,QQQ,1603323741432,283.77,200,127174,283.7,283.77,0,0,0,0,0,0,4,0,0,10/21/2020 7:42:21 PM,1/1/1970 12:00:00 AM,1/1/1970 12:00:00 AM
49854,QQQ,1603323741432,283.77,200,127175,283.7,283.77,0,0,0,0,0,0,4,0,0,10/21/2020 7:42:21 PM,1/1/1970 12:00:00 AM,1/1/1970 12:00:00 AM
49855,QQQ,1603323741432,283.78,200,127176,283.7,283.77,0,0,0,0,0,0,5,0,0,10/21/2020 7:42:21 PM,1/1/1970 12:00:00 AM,1/1/1970 12:00:00 AM
49856,QQQ,1603323741432,283.78,200,127177,283.7,283.77,0,0,0,0,0,0,5,0,0,10/21/2020 7:42:21 PM,1/1/1970 12:00:00 AM,1/1/1970 12:00:00 AM
49857,QQQ,1603323741442,283.78,1499,127178,283.7,283.77,0,0,0,0,0,0,5,0,0,10/21/2020 7:42:21 PM,1/1/1970 12:00:00 AM,1/1/1970 12:00:00 AM
49858,QQQ,1603323748025,283.68,200,127179,283.63,283.69,0,0,0,0,0,0,3,0,0,10/21/2020 7:42:28 PM,1/1/1970 12:00:00 AM,1/1/1970 12:00:00 AM
49859,QQQ,1603323749195,283.62,400,127180,283.63,283.68,0,0,0,0,0,0,1,0,0,10/21/2020 7:42:29 PM,1/1/1970 12:00:00 AM,1/1/1970 12:00:00 AM
49860,QQQ,1603323757561,283.6,5,127181,283.56,283.65,0,0,0,0,0,0,3,0,0,10/21/2020 7:42:37 PM,1/1/1970 12:00:00 AM,1/1/1970 12:00:00 AM
49861,QQQ,1603323759960,283.54,1,127182,283.51,283.61,0,0,0,0,0,0,3,0,0,10/21/2020 7:42:39 PM,1/1/1970 12:00:00 AM,1/1/1970 12:00:00 AM
49862,QQQ,1603323759960,283.54,1,127183,283.51,283.61,0,0,0,0,0,0,3,0,0,10/21/2020 7:42:39 PM,1/1/1970 12:00:00 AM,1/1/1970 12:00:00 AM
49863,QQQ,1603323769728,283.61,200,127184,283.55,283.65,0,0,0,0,0,0,3,0,0,10/21/2020 7:42:49 PM,1/1/1970 12:00:00 AM,1/1/1970 12:00:00 AM
49864,QQQ,1603323769888,283.63,500,127185,283.55,283.65,0,0,0,0,0,0,3,0,0,10/21/2020 7:42:49 PM,1/1/1970 12:00:00 AM,1/1/1970 12:00:00 AM
49865,QQQ,1603323786836,283.63,75,127186,283.57,283.63,0,0,0,0,0,0,4,0,0,10/21/2020 7:43:06 PM,1/1/1970 12:00:00 AM,1/1/1970 12:00:00 AM
49866,QQQ,1603323788912,283.57,5,127187,283.57,283.63,0,0,0,0,0,0,2,0,0,10/21/2020 7:43:08 PM,1/1/1970 12:00:00 AM,1/1/1970 12:00:00 AM
49867,QQQ,1603323789140,283.63,25,127188,283.57,283.63,0,0,0,0,0,0,4,0,0,10/21/2020 7:43:09 PM,1/1/1970 12:00:00 AM,1/1/1970 12:00:00 AM
49868,QQQ,1603323795709,283.57,600,127189,283.58,283.63,0,0,0,0,0,0,1,0,0,10/21/2020 7:43:15 PM,1/1/1970 12:00:00 AM,1/1/1970 12:00:00 AM
49869,QQQ,1603323795709,283.56,200,127190,283.58,283.63,0,0,0,0,0,0,1,0,0,10/21/2020 7:43:15 PM,1/1/1970 12:00:00 AM,1/1/1970 12:00:00 AM
49870,QQQ,1603323795710,283.57,200,127191,283.58,283.63,0,0,0,0,0,0,1,0,0,10/21/2020 7:43:15 PM,1/1/1970 12:00:00 AM,1/1/1970 12:00:00 AM
49871,QQQ,1603323795710,283.57,600,127192,283.58,283.63,0,0,0,0,0,0,1,0,0,10/21/2020 7:43:15 PM,1/1/1970 12:00:00 AM,1/1/1970 12:00:00 AM
49872,QQQ,1603323795723,283.51,100,127193,283.58,283.63,0,0,0,0,0,0,1,0,0,10/21/2020 7:43:15 PM,1/1/1970 12:00:00 AM,1/1/1970 12:00:00 AM
49873,QQQ,1603323795723,283.5,50,127194,283.58,283.63,0,0,0,0,0,0,1,0,0,10/21/2020 7:43:15 PM,1/1/1970 12:00:00 AM,1/1/1970 12:00:00 AM
49874,QQQ,1603323795741,283.47,2,127195,283.58,283.63,0,0,0,0,0,0,1,0,0,10/21/2020 7:43:15 PM,1/1/1970 12:00:00 AM,1/1/1970 12:00:00 AM
49875,QQQ,1603323795741,283.46,200,127196,283.58,283.63,0,0,0,0,0,0,1,0,0,10/21/2020 7:43:15 PM,1/1/1970 12:00:00 AM,1/1/1970 12:00:00 AM
49876,QQQ,1603323795745,283.44,200,127197,283.58,283.63,0,0,0,0,0,0,1,0,0,10/21/2020 7:43:15 PM,1/1/1970 12:00:00 AM,1/1/1970 12:00:00 AM
49877,QQQ,1603323795745,283.42,200,127198,283.58,283.63,0,0,0,0,0,0,1,0,0,10/21/2020 7:43:15 PM,1/1/1970 12:00:00 AM,1/1/1970 12:00:00 AM
49878,QQQ,1603323795745,283.41,2,127199,283.58,283.63,0,0,0,0,0,0,1,0,0,10/21/2020 7:43:15 PM,1/1/1970 12:00:00 AM,1/1/1970 12:00:00 AM
49879,QQQ,1603323795747,283.4,4,127200,283.58,283.63,0,0,0,0,0,0,1,0,0,10/21/2020 7:43:15 PM,1/1/1970 12:00:00 AM,1/1/1970 12:00:00 AM
49880,QQQ,1603323795753,283.38,200,127201,283.58,283.63,0,0,0,0,0,0,1,0,0,10/21/2020 7:43:15 PM,1/1/1970 12:00:00 AM,1/1/1970 12:00:00 AM
49881,QQQ,1603323795758,283.36,200,127202,283.58,283.63,0,0,0,0,0,0,1,0,0,10/21/2020 7:43:15 PM,1/1/1970 12:00:00 AM,1/1/1970 12:00:00 AM
49882,QQQ,1603323799460,283.43,600,127203,283.35,283.43,0,0,0,0,0,0,4,0,0,10/21/2020 7:43:19 PM,1/1/1970 12:00:00 AM,1/1/1970 12:00:00 AM
49883,QQQ,1603323807820,283.44,600,127204,283.38,283.44,0,0,0,0,0,0,4,0,0,10/21/2020 7:43:27 PM,1/1/1970 12:00:00 AM,1/1/1970 12:00:00 AM
49884,QQQ,1603323810495,283.39,100,127205,283.39,283.44,0,0,0,0,0,0,2,0,0,10/21/2020 7:43:30 PM,1/1/1970 12:00:00 AM,1/1/1970 12:00:00 AM
49885,QQQ,1603323813039,283.39,3,127206,283.37,283.42,0,0,0,0,0,0,3,0,0,10/21/2020 7:43:33 PM,1/1/1970 12:00:00 AM,1/1/1970 12:00:00 AM
49886,QQQ,1603323817777,283.4,25,127207,283.37,283.42,0,0,0,0,0,0,3,0,0,10/21/2020 7:43:37 PM,1/1/1970 12:00:00 AM,1/1/1970 12:00:00 AM
49887,QQQ,1603323826932,283.45,4,127208,283.4,283.45,0,0,0,0,0,0,4,0,0,10/21/2020 7:43:46 PM,1/1/1970 12:00:00 AM,1/1/1970 12:00:00 AM
49888,QQQ,1603323827178,283.41,10,127209,283.4,283.45,0,0,0,0,0,0,3,0,0,10/21/2020 7:43:47 PM,1/1/1970 12:00:00 AM,1/1/1970 12:00:00 AM
49889,QQQ,1603323838940,283.47,7,127210,283.45,283.51,0,0,0,0,0,0,3,0,0,10/21/2020 7:43:58 PM,1/1/1970 12:00:00 AM,1/1/1970 12:00:00 AM
49890,QQQ,1603323838940,283.47,7,127211,283.45,283.51,0,0,0,0,0,0,3,0,0,10/21/2020 7:43:58 PM,1/1/1970 12:00:00 AM,1/1/1970 12:00:00 AM
49891,QQQ,1603323838940,283.47,7,127212,283.45,283.51,0,0,0,0,0,0,3,0,0,10/21/2020 7:43:58 PM,1/1/1970 12:00:00 AM,1/1/1970 12:00:00 AM
49892,QQQ,1603323838940,283.47,7,127213,283.45,283.51,0,0,0,0,0,0,3,0,0,10/21/2020 7:43:58 PM,1/1/1970 12:00:00 AM,1/1/1970 12:00:00 AM
49893,QQQ,1603323838940,283.47,15,127214,283.45,283.51,0,0,0,0,0,0,3,0,0,10/21/2020 7:43:58 PM,1/1/1970 12:00:00 AM,1/1/1970 12:00:00 AM
49894,QQQ,1603323838940,283.47,14,127215,283.45,283.51,0,0,0,0,0,0,3,0,0,10/21/2020 7:43:58 PM,1/1/1970 12:00:00 AM,1/1/1970 12:00:00 AM
49895,QQQ,1603323838940,283.47,14,127216,283.45,283.51,0,0,0,0,0,0,3,0,0,10/21/2020 7:43:58 PM,1/1/1970 12:00:00 AM,1/1/1970 12:00:00 AM
49896,QQQ,1603323838940,283.47,15,127217,283.45,283.51,0,0,0,0,0,0,3,0,0,10/21/2020 7:43:58 PM,1/1/1970 12:00:00 AM,1/1/1970 12:00:00 AM
49897,QQQ,1603323838940,283.48,600,127218,283.45,283.51,0,0,0,0,0,0,3,0,0,10/21/2020 7:43:58 PM,1/1/1970 12:00:00 AM,1/1/1970 12:00:00 AM
49898,QQQ,1603323838944,283.48,600,127219,283.45,283.51,0,0,0,0,0,0,3,0,0,10/21/2020 7:43:58 PM,1/1/1970 12:00:00 AM,1/1/1970 12:00:00 AM
49899,QQQ,1603323838967,283.48,1600,127220,283.45,283.51,0,0,0,0,0,0,3,0,0,10/21/2020 7:43:58 PM,1/1/1970 12:00:00 AM,1/1/1970 12:00:00 AM
49900,QQQ,1603323840790,283.5,600,127221,283.48,283.5,0,0,0,0,0,0,4,0,0,10/21/2020 7:44:00 PM,1/1/1970 12:00:00 AM,1/1/1970 12:00:00 AM
49901,QQQ,1603323840791,283.5,216,127222,283.48,283.5,0,0,0,0,0,0,4,0,0,10/21/2020 7:44:00 PM,1/1/1970 12:00:00 AM,1/1/1970 12:00:00 AM
49902,QQQ,1603323851153,283.51,200,127223,283.5,283.51,0,0,0,0,0,0,4,0,0,10/21/2020 7:44:11 PM,1/1/1970 12:00:00 AM,1/1/1970 12:00:00 AM
49903,QQQ,1603323854163,283.56,4,127224,283.56,283.63,0,0,0,0,0,0,2,0,0,10/21/2020 7:44:14 PM,1/1/1970 12:00:00 AM,1/1/1970 12:00:00 AM
49904,QQQ,1603323860239,283.63,100,127225,283.6,283.65,0,0,0,0,0,0,3,0,0,10/21/2020 7:44:20 PM,1/1/1970 12:00:00 AM,1/1/1970 12:00:00 AM
49905,QQQ,1603323862123,283.51,100,127226,283.53,283.59,0,0,0,0,0,0,1,0,0,10/21/2020 7:44:22 PM,1/1/1970 12:00:00 AM,1/1/1970 12:00:00 AM
49906,QQQ,1603323862123,283.51,300,127227,283.53,283.59,0,0,0,0,0,0,1,0,0,10/21/2020 7:44:22 PM,1/1/1970 12:00:00 AM,1/1/1970 12:00:00 AM
49907,QQQ,1603323862135,283.5,500,127228,283.53,283.59,0,0,0,0,0,0,1,0,0,10/21/2020 7:44:22 PM,1/1/1970 12:00:00 AM,1/1/1970 12:00:00 AM
49908,QQQ,1603323870427,283.43,50,127229,283.39,283.45,0,0,0,0,0,0,3,0,0,10/21/2020 7:44:30 PM,1/1/1970 12:00:00 AM,1/1/1970 12:00:00 AM
49909,QQQ,1603323871926,283.43,2,127230,283.37,283.43,0,0,0,0,0,0,4,0,0,10/21/2020 7:44:31 PM,1/1/1970 12:00:00 AM,1/1/1970 12:00:00 AM
49910,QQQ,1603323871929,283.4,10,127231,283.37,283.43,0,0,0,0,0,0,3,0,0,10/21/2020 7:44:31 PM,1/1/1970 12:00:00 AM,1/1/1970 12:00:00 AM
49911,QQQ,1603323871929,283.39,10,127232,283.37,283.43,0,0,0,0,0,0,3,0,0,10/21/2020 7:44:31 PM,1/1/1970 12:00:00 AM,1/1/1970 12:00:00 AM
49912,QQQ,1603323871929,283.41,50,127233,283.37,283.43,0,0,0,0,0,0,3,0,0,10/21/2020 7:44:31 PM,1/1/1970 12:00:00 AM,1/1/1970 12:00:00 AM
49913,QQQ,1603323874908,283.37,50,127234,283.29,283.37,0,0,0,0,0,0,4,0,0,10/21/2020 7:44:34 PM,1/1/1970 12:00:00 AM,1/1/1970 12:00:00 AM
49914,QQQ,1603323888215,283.39,200,127235,283.39,283.45,0,0,0,0,0,0,2,0,0,10/21/2020 7:44:48 PM,1/1/1970 12:00:00 AM,1/1/1970 12:00:00 AM
49915,QQQ,1603323888216,283.39,200,127236,283.39,283.45,0,0,0,0,0,0,2,0,0,10/21/2020 7:44:48 PM,1/1/1970 12:00:00 AM,1/1/1970 12:00:00 AM
49916,QQQ,1603323888216,283.39,200,127237,283.39,283.45,0,0,0,0,0,0,2,0,0,10/21/2020 7:44:48 PM,1/1/1970 12:00:00 AM,1/1/1970 12:00:00 AM
49917,QQQ,1603323902856,283.38,50,127238,283.31,283.41,0,0,0,0,0,0,3,0,0,10/21/2020 7:45:02 PM,1/1/1970 12:00:00 AM,1/1/1970 12:00:00 AM
49918,QQQ,1603323910147,283.38,600,127239,283.32,283.38,0,0,0,0,0,0,4,0,0,10/21/2020 7:45:10 PM,1/1/1970 12:00:00 AM,1/1/1970 12:00:00 AM
49919,QQQ,1603323910147,283.38,400,127240,283.32,283.38,0,0,0,0,0,0,4,0,0,10/21/2020 7:45:10 PM,1/1/1970 12:00:00 AM,1/1/1970 12:00:00 AM
49920,QQQ,1603323911616,283.39,100,127241,283.34,283.39,0,0,0,0,0,0,4,0,0,10/21/2020 7:45:11 PM,1/1/1970 12:00:00 AM,1/1/1970 12:00:00 AM
49921,QQQ,1603323924747,283.46,100,127242,283.4,283.46,0,0,0,0,0,0,4,0,0,10/21/2020 7:45:24 PM,1/1/1970 12:00:00 AM,1/1/1970 12:00:00 AM
49922,QQQ,1603323931484,283.46,5,127243,283.42,283.46,0,0,0,0,0,0,4,0,0,10/21/2020 7:45:31 PM,1/1/1970 12:00:00 AM,1/1/1970 12:00:00 AM
49923,QQQ,1603323935262,283.46,100,127244,283.47,283.5,0,0,0,0,0,0,1,0,0,10/21/2020 7:45:35 PM,1/1/1970 12:00:00 AM,1/1/1970 12:00:00 AM
49924,QQQ,1603323936118,283.5,25,127245,283.47,283.5,0,0,0,0,0,0,4,0,0,10/21/2020 7:45:36 PM,1/1/1970 12:00:00 AM,1/1/1970 12:00:00 AM
49925,QQQ,1603323938020,283.5,100,127246,283.48,283.5,0,0,0,0,0,0,4,0,0,10/21/2020 7:45:38 PM,1/1/1970 12:00:00 AM,1/1/1970 12:00:00 AM
49926,QQQ,1603323938020,283.5,600,127247,283.48,283.5,0,0,0,0,0,0,4,0,0,10/21/2020 7:45:38 PM,1/1/1970 12:00:00 AM,1/1/1970 12:00:00 AM
49927,QQQ,1603323938020,283.5,100,127248,283.48,283.5,0,0,0,0,0,0,4,0,0,10/21/2020 7:45:38 PM,1/1/1970 12:00:00 AM,1/1/1970 12:00:00 AM
49928,QQQ,1603323938020,283.5,600,127249,283.48,283.5,0,0,0,0,0,0,4,0,0,10/21/2020 7:45:38 PM,1/1/1970 12:00:00 AM,1/1/1970 12:00:00 AM
49929,QQQ,1603323938020,283.5,100,127250,283.48,283.5,0,0,0,0,0,0,4,0,0,10/21/2020 7:45:38 PM,1/1/1970 12:00:00 AM,1/1/1970 12:00:00 AM
49930,QQQ,1603323938020,283.5,600,127251,283.48,283.5,0,0,0,0,0,0,4,0,0,10/21/2020 7:45:38 PM,1/1/1970 12:00:00 AM,1/1/1970 12:00:00 AM
49931,QQQ,1603323938020,283.5,100,127252,283.48,283.5,0,0,0,0,0,0,4,0,0,10/21/2020 7:45:38 PM,1/1/1970 12:00:00 AM,1/1/1970 12:00:00 AM
49932,QQQ,1603323938020,283.5,100,127253,283.48,283.5,0,0,0,0,0,0,4,0,0,10/21/2020 7:45:38 PM,1/1/1970 12:00:00 AM,1/1/1970 12:00:00 AM
49933,QQQ,1603323938022,283.5,100,127254,283.48,283.5,0,0,0,0,0,0,4,0,0,10/21/2020 7:45:38 PM,1/1/1970 12:00:00 AM,1/1/1970 12:00:00 AM
49934,QQQ,1603323938022,283.5,100,127255,283.48,283.5,0,0,0,0,0,0,4,0,0,10/21/2020 7:45:38 PM,1/1/1970 12:00:00 AM,1/1/1970 12:00:00 AM
49935,QQQ,1603323953974,283.45,100,127256,283.4,283.47,0,0,0,0,0,0,3,0,0,10/21/2020 7:45:53 PM,1/1/1970 12:00:00 AM,1/1/1970 12:00:00 AM
49936,QQQ,1603323957579,283.5,50,127257,283.4,283.5,0,0,0,0,0,0,4,0,0,10/21/2020 7:45:57 PM,1/1/1970 12:00:00 AM,1/1/1970 12:00:00 AM
49937,QQQ,1603323958779,283.49,200,127258,283.4,283.5,0,0,0,0,0,0,3,0,0,10/21/2020 7:45:58 PM,1/1/1970 12:00:00 AM,1/1/1970 12:00:00 AM
49938,QQQ,1603323960691,283.49,7,127259,283.4,283.5,0,0,0,0,0,0,3,0,0,10/21/2020 7:46:00 PM,1/1/1970 12:00:00 AM,1/1/1970 12:00:00 AM
49939,QQQ,1603323968261,283.5,250,127260,283.49,283.5,0,0,0,0,0,0,4,0,0,10/21/2020 7:46:08 PM,1/1/1970 12:00:00 AM,1/1/1970 12:00:00 AM
49940,QQQ,1603323972693,283.5,100,127261,283.5,283.55,0,0,0,0,0,0,2,0,0,10/21/2020 7:46:12 PM,1/1/1970 12:00:00 AM,1/1/1970 12:00:00 AM
49941,QQQ,1603323972693,283.5,10,127262,283.5,283.55,0,0,0,0,0,0,2,0,0,10/21/2020 7:46:12 PM,1/1/1970 12:00:00 AM,1/1/1970 12:00:00 AM
49942,QQQ,1603323972811,283.49,793,127263,283.5,283.55,0,0,0,0,0,0,1,0,0,10/21/2020 7:46:12 PM,1/1/1970 12:00:00 AM,1/1/1970 12:00:00 AM
49943,QQQ,1603323977399,283.43,100,127264,283.39,283.43,0,0,0,0,0,0,4,0,0,10/21/2020 7:46:17 PM,1/1/1970 12:00:00 AM,1/1/1970 12:00:00 AM
49944,QQQ,1603323980791,283.43,50,127265,283.42,283.44,0,0,0,0,0,0,2,0,0,10/21/2020 7:46:20 PM,1/1/1970 12:00:00 AM,1/1/1970 12:00:00 AM
49945,QQQ,1603323980792,283.43,150,127266,283.42,283.44,0,0,0,0,0,0,2,0,0,10/21/2020 7:46:20 PM,1/1/1970 12:00:00 AM,1/1/1970 12:00:00 AM
49946,QQQ,1603323987277,283.46,10,127267,283.41,283.46,0,0,0,0,0,0,4,0,0,10/21/2020 7:46:27 PM,1/1/1970 12:00:00 AM,1/1/1970 12:00:00 AM
49947,QQQ,1603323996461,283.45,100,127268,283.42,283.48,0,0,0,0,0,0,3,0,0,10/21/2020 7:46:36 PM,1/1/1970 12:00:00 AM,1/1/1970 12:00:00 AM
49948,QQQ,1603323996466,283.42,1,127269,283.42,283.48,0,0,0,0,0,0,2,0,0,10/21/2020 7:46:36 PM,1/1/1970 12:00:00 AM,1/1/1970 12:00:00 AM
49949,QQQ,1603323996491,283.4,5,127270,283.42,283.48,0,0,0,0,0,0,1,0,0,10/21/2020 7:46:36 PM,1/1/1970 12:00:00 AM,1/1/1970 12:00:00 AM
49950,QQQ,1603324005265,283.41,100,127271,283.38,283.42,0,0,0,0,0,0,3,0,0,10/21/2020 7:46:45 PM,1/1/1970 12:00:00 AM,1/1/1970 12:00:00 AM
49951,QQQ,1603324008305,283.38,500,127272,283.38,283.42,0,0,0,0,0,0,2,0,0,10/21/2020 7:46:48 PM,1/1/1970 12:00:00 AM,1/1/1970 12:00:00 AM
49952,QQQ,1603324008377,283.35,100,127273,283.38,283.42,0,0,0,0,0,0,1,0,0,10/21/2020 7:46:48 PM,1/1/1970 12:00:00 AM,1/1/1970 12:00:00 AM
49953,QQQ,1603324011942,283.36,50,127274,283.31,283.37,0,0,0,0,0,0,3,0,0,10/21/2020 7:46:51 PM,1/1/1970 12:00:00 AM,1/1/1970 12:00:00 AM
49954,QQQ,1603324012354,283.3,100,127275,283.32,283.38,0,0,0,0,0,0,1,0,0,10/21/2020 7:46:52 PM,1/1/1970 12:00:00 AM,1/1/1970 12:00:00 AM
49955,QQQ,1603324012354,283.28,200,127276,283.32,283.38,0,0,0,0,0,0,1,0,0,10/21/2020 7:46:52 PM,1/1/1970 12:00:00 AM,1/1/1970 12:00:00 AM
49956,QQQ,1603324012354,283.33,1,127277,283.32,283.38,0,0,0,0,0,0,2,0,0,10/21/2020 7:46:52 PM,1/1/1970 12:00:00 AM,1/1/1970 12:00:00 AM
49957,QQQ,1603324012354,283.31,1,127278,283.32,283.38,0,0,0,0,0,0,1,0,0,10/21/2020 7:46:52 PM,1/1/1970 12:00:00 AM,1/1/1970 12:00:00 AM
49958,QQQ,1603324012354,283.31,1,127279,283.32,283.38,0,0,0,0,0,0,1,0,0,10/21/2020 7:46:52 PM,1/1/1970 12:00:00 AM,1/1/1970 12:00:00 AM
49959,QQQ,1603324012354,283.32,10,127280,283.32,283.38,0,0,0,0,0,0,2,0,0,10/21/2020 7:46:52 PM,1/1/1970 12:00:00 AM,1/1/1970 12:00:00 AM
49960,QQQ,1603324012354,283.3,2,127281,283.32,283.38,0,0,0,0,0,0,1,0,0,10/21/2020 7:46:52 PM,1/1/1970 12:00:00 AM,1/1/1970 12:00:00 AM
49961,QQQ,1603324012354,283.29,600,127282,283.32,283.38,0,0,0,0,0,0,1,0,0,10/21/2020 7:46:52 PM,1/1/1970 12:00:00 AM,1/1/1970 12:00:00 AM
49962,QQQ,1603324012354,283.29,1,127283,283.32,283.38,0,0,0,0,0,0,1,0,0,10/21/2020 7:46:52 PM,1/1/1970 12:00:00 AM,1/1/1970 12:00:00 AM
49963,QQQ,1603324012355,283.25,800,127284,283.32,283.38,0,0,0,0,0,0,1,0,0,10/21/2020 7:46:52 PM,1/1/1970 12:00:00 AM,1/1/1970 12:00:00 AM
49964,QQQ,1603324012355,283.27,1,127285,283.32,283.38,0,0,0,0,0,0,1,0,0,10/21/2020 7:46:52 PM,1/1/1970 12:00:00 AM,1/1/1970 12:00:00 AM
49965,QQQ,1603324012355,283.25,1,127286,283.32,283.38,0,0,0,0,0,0,1,0,0,10/21/2020 7:46:52 PM,1/1/1970 12:00:00 AM,1/1/1970 12:00:00 AM
49966,QQQ,1603324012355,283.25,300,127287,283.32,283.38,0,0,0,0,0,0,1,0,0,10/21/2020 7:46:52 PM,1/1/1970 12:00:00 AM,1/1/1970 12:00:00 AM
49967,QQQ,1603324012374,283.24,100,127288,283.32,283.38,0,0,0,0,0,0,1,0,0,10/21/2020 7:46:52 PM,1/1/1970 12:00:00 AM,1/1/1970 12:00:00 AM
49968,QQQ,1603324012374,283.22,3,127289,283.32,283.38,0,0,0,0,0,0,1,0,0,10/21/2020 7:46:52 PM,1/1/1970 12:00:00 AM,1/1/1970 12:00:00 AM
49969,QQQ,1603324012376,283.2,2,127290,283.32,283.38,0,0,0,0,0,0,1,0,0,10/21/2020 7:46:52 PM,1/1/1970 12:00:00 AM,1/1/1970 12:00:00 AM
49970,QQQ,1603324012381,283.2,200,127291,283.32,283.38,0,0,0,0,0,0,1,0,0,10/21/2020 7:46:52 PM,1/1/1970 12:00:00 AM,1/1/1970 12:00:00 AM
49971,QQQ,1603324012381,283.19,1,127292,283.32,283.38,0,0,0,0,0,0,1,0,0,10/21/2020 7:46:52 PM,1/1/1970 12:00:00 AM,1/1/1970 12:00:00 AM
49972,QQQ,1603324012381,283.2,100,127293,283.32,283.38,0,0,0,0,0,0,1,0,0,10/21/2020 7:46:52 PM,1/1/1970 12:00:00 AM,1/1/1970 12:00:00 AM
49973,QQQ,1603324012381,283.2,40,127294,283.32,283.38,0,0,0,0,0,0,1,0,0,10/21/2020 7:46:52 PM,1/1/1970 12:00:00 AM,1/1/1970 12:00:00 AM
49974,QQQ,1603324012381,283.17,1,127295,283.32,283.38,0,0,0,0,0,0,1,0,0,10/21/2020 7:46:52 PM,1/1/1970 12:00:00 AM,1/1/1970 12:00:00 AM
49975,QQQ,1603324012443,283.17,2,127296,283.32,283.38,0,0,0,0,0,0,1,0,0,10/21/2020 7:46:52 PM,1/1/1970 12:00:00 AM,1/1/1970 12:00:00 AM
49976,QQQ,1603324014075,283.19,100,127297,283.16,283.19,0,0,0,0,0,0,4,0,0,10/21/2020 7:46:54 PM,1/1/1970 12:00:00 AM,1/1/1970 12:00:00 AM
49977,QQQ,1603324014121,283.16,1,127298,283.16,283.19,0,0,0,0,0,0,2,0,0,10/21/2020 7:46:54 PM,1/1/1970 12:00:00 AM,1/1/1970 12:00:00 AM
49978,QQQ,1603324014121,283.15,99,127299,283.16,283.19,0,0,0,0,0,0,1,0,0,10/21/2020 7:46:54 PM,1/1/1970 12:00:00 AM,1/1/1970 12:00:00 AM
49979,QQQ,1603324014662,283.17,1,127300,283.16,283.19,0,0,0,0,0,0,3,0,0,10/21/2020 7:46:54 PM,1/1/1970 12:00:00 AM,1/1/1970 12:00:00 AM
49980,QQQ,1603324016141,283.18,100,127301,283.15,283.17,0,0,0,0,0,0,5,0,0,10/21/2020 7:46:56 PM,1/1/1970 12:00:00 AM,1/1/1970 12:00:00 AM
49981,QQQ,1603324019391,283.17,10,127302,283.15,283.19,0,0,0,0,0,0,3,0,0,10/21/2020 7:46:59 PM,1/1/1970 12:00:00 AM,1/1/1970 12:00:00 AM
49982,QQQ,1603324026497,283.21,1800,127303,283.21,283.25,0,0,0,0,0,0,2,0,0,10/21/2020 7:47:06 PM,1/1/1970 12:00:00 AM,1/1/1970 12:00:00 AM
49983,QQQ,1603324026506,283.21,700,127304,283.21,283.25,0,0,0,0,0,0,2,0,0,10/21/2020 7:47:06 PM,1/1/1970 12:00:00 AM,1/1/1970 12:00:00 AM
49984,QQQ,1603324026506,283.21,200,127305,283.21,283.25,0,0,0,0,0,0,2,0,0,10/21/2020 7:47:06 PM,1/1/1970 12:00:00 AM,1/1/1970 12:00:00 AM
49985,QQQ,1603324026509,283.21,200,127306,283.21,283.25,0,0,0,0,0,0,2,0,0,10/21/2020 7:47:06 PM,1/1/1970 12:00:00 AM,1/1/1970 12:00:00 AM
49986,QQQ,1603324026510,283.21,200,127307,283.21,283.25,0,0,0,0,0,0,2,0,0,10/21/2020 7:47:06 PM,1/1/1970 12:00:00 AM,1/1/1970 12:00:00 AM
49987,QQQ,1603324026510,283.21,200,127308,283.21,283.25,0,0,0,0,0,0,2,0,0,10/21/2020 7:47:06 PM,1/1/1970 12:00:00 AM,1/1/1970 12:00:00 AM
49988,QQQ,1603324026510,283.21,200,127309,283.21,283.25,0,0,0,0,0,0,2,0,0,10/21/2020 7:47:06 PM,1/1/1970 12:00:00 AM,1/1/1970 12:00:00 AM
49989,QQQ,1603324026511,283.21,200,127310,283.21,283.25,0,0,0,0,0,0,2,0,0,10/21/2020 7:47:06 PM,1/1/1970 12:00:00 AM,1/1/1970 12:00:00 AM
49990,QQQ,1603324026512,283.21,200,127311,283.21,283.25,0,0,0,0,0,0,2,0,0,10/21/2020 7:47:06 PM,1/1/1970 12:00:00 AM,1/1/1970 12:00:00 AM
49991,QQQ,1603324026512,283.21,200,127312,283.21,283.25,0,0,0,0,0,0,2,0,0,10/21/2020 7:47:06 PM,1/1/1970 12:00:00 AM,1/1/1970 12:00:00 AM
49992,QQQ,1603324026513,283.21,200,127313,283.21,283.25,0,0,0,0,0,0,2,0,0,10/21/2020 7:47:06 PM,1/1/1970 12:00:00 AM,1/1/1970 12:00:00 AM
49993,QQQ,1603324026514,283.21,200,127314,283.21,283.25,0,0,0,0,0,0,2,0,0,10/21/2020 7:47:06 PM,1/1/1970 12:00:00 AM,1/1/1970 12:00:00 AM
49994,QQQ,1603324026520,283.2,100,127315,283.21,283.25,0,0,0,0,0,0,1,0,0,10/21/2020 7:47:06 PM,1/1/1970 12:00:00 AM,1/1/1970 12:00:00 AM
49995,QQQ,1603324026520,283.21,500,127316,283.21,283.25,0,0,0,0,0,0,2,0,0,10/21/2020 7:47:06 PM,1/1/1970 12:00:00 AM,1/1/1970 12:00:00 AM
49996,QQQ,1603324026773,283.19,600,127317,283.21,283.25,0,0,0,0,0,0,1,0,0,10/21/2020 7:47:06 PM,1/1/1970 12:00:00 AM,1/1/1970 12:00:00 AM
49997,QQQ,1603324026774,283.19,600,127318,283.21,283.25,0,0,0,0,0,0,1,0,0,10/21/2020 7:47:06 PM,1/1/1970 12:00:00 AM,1/1/1970 12:00:00 AM
49998,QQQ,1603324026774,283.2,200,127319,283.21,283.25,0,0,0,0,0,0,1,0,0,10/21/2020 7:47:06 PM,1/1/1970 12:00:00 AM,1/1/1970 12:00:00 AM
49999,QQQ,1603324026775,283.19,600,127320,283.21,283.25,0,0,0,0,0,0,1,0,0,10/21/2020 7:47:06 PM,1/1/1970 12:00:00 AM,1/1/1970 12:00:00 AM
50000,QQQ,1603324026775,283.21,800,127321,283.21,283.25,0,0,0,0,0,0,2,0,0,10/21/2020 7:47:06 PM,1/1/1970 12:00:00 AM,1/1/1970 12:00:00 AM
50001,QQQ,1603324026776,283.21,200,127322,283.21,283.25,0,0,0,0,0,0,2,0,0,10/21/2020 7:47:06 PM,1/1/1970 12:00:00 AM,1/1/1970 12:00:00 AM
50002,QQQ,1603324026776,283.21,200,127323,283.21,283.25,0,0,0,0,0,0,2,0,0,10/21/2020 7:47:06 PM,1/1/1970 12:00:00 AM,1/1/1970 12:00:00 AM
50003,QQQ,1603324026776,283.21,200,127324,283.21,283.25,0,0,0,0,0,0,2,0,0,10/21/2020 7:47:06 PM,1/1/1970 12:00:00 AM,1/1/1970 12:00:00 AM
50004,QQQ,1603324026776,283.21,200,127325,283.21,283.25,0,0,0,0,0,0,2,0,0,10/21/2020 7:47:06 PM,1/1/1970 12:00:00 AM,1/1/1970 12:00:00 AM
50005,QQQ,1603324026787,283.21,1400,127326,283.21,283.25,0,0,0,0,0,0,2,0,0,10/21/2020 7:47:06 PM,1/1/1970 12:00:00 AM,1/1/1970 12:00:00 AM
50006,QQQ,1603324029727,283.19,500,127327,283.19,283.2,0,0,0,0,0,0,2,0,0,10/21/2020 7:47:09 PM,1/1/1970 12:00:00 AM,1/1/1970 12:00:00 AM
50007,QQQ,1603324029731,283.16,100,127328,283.19,283.2,0,0,0,0,0,0,1,0,0,10/21/2020 7:47:09 PM,1/1/1970 12:00:00 AM,1/1/1970 12:00:00 AM
50008,QQQ,1603324029731,283.15,100,127329,283.19,283.2,0,0,0,0,0,0,1,0,0,10/21/2020 7:47:09 PM,1/1/1970 12:00:00 AM,1/1/1970 12:00:00 AM
50009,QQQ,1603324029733,283.16,1,127330,283.19,283.2,0,0,0,0,0,0,1,0,0,10/21/2020 7:47:09 PM,1/1/1970 12:00:00 AM,1/1/1970 12:00:00 AM
50010,QQQ,1603324029741,283.15,2,127331,283.19,283.2,0,0,0,0,0,0,1,0,0,10/21/2020 7:47:09 PM,1/1/1970 12:00:00 AM,1/1/1970 12:00:00 AM
50011,QQQ,1603324029866,283.14,7,127332,283.19,283.2,0,0,0,0,0,0,1,0,0,10/21/2020 7:47:09 PM,1/1/1970 12:00:00 AM,1/1/1970 12:00:00 AM
50012,QQQ,1603324030460,283.15,400,127333,283.19,283.2,0,0,0,0,0,0,1,0,0,10/21/2020 7:47:10 PM,1/1/1970 12:00:00 AM,1/1/1970 12:00:00 AM
50013,QQQ,1603324030998,283.14,200,127334,283.1,283.15,0,0,0,0,0,0,4,0,0,10/21/2020 7:47:10 PM,1/1/1970 12:00:00 AM,1/1/1970 12:00:00 AM
50014,QQQ,1603324030998,283.14,200,127335,283.1,283.15,0,0,0,0,0,0,4,0,0,10/21/2020 7:47:10 PM,1/1/1970 12:00:00 AM,1/1/1970 12:00:00 AM
50015,QQQ,1603324033190,283.11,100,127336,283.08,283.14,0,0,0,0,0,0,3,0,0,10/21/2020 7:47:13 PM,1/1/1970 12:00:00 AM,1/1/1970 12:00:00 AM
50016,QQQ,1603324033423,283.08,2,127337,283.08,283.14,0,0,0,0,0,0,2,0,0,10/21/2020 7:47:13 PM,1/1/1970 12:00:00 AM,1/1/1970 12:00:00 AM
50017,QQQ,1603324033875,283.1,200,127338,283.06,283.11,0,0,0,0,0,0,4,0,0,10/21/2020 7:47:13 PM,1/1/1970 12:00:00 AM,1/1/1970 12:00:00 AM
50018,QQQ,1603324033875,283.1,200,127339,283.06,283.11,0,0,0,0,0,0,4,0,0,10/21/2020 7:47:13 PM,1/1/1970 12:00:00 AM,1/1/1970 12:00:00 AM
50019,QQQ,1603324033875,283.1,200,127340,283.06,283.11,0,0,0,0,0,0,4,0,0,10/21/2020 7:47:13 PM,1/1/1970 12:00:00 AM,1/1/1970 12:00:00 AM
50020,QQQ,1603324033875,283.1,200,127341,283.06,283.11,0,0,0,0,0,0,4,0,0,10/21/2020 7:47:13 PM,1/1/1970 12:00:00 AM,1/1/1970 12:00:00 AM
50021,QQQ,1603324033875,283.1,200,127342,283.06,283.11,0,0,0,0,0,0,4,0,0,10/21/2020 7:47:13 PM,1/1/1970 12:00:00 AM,1/1/1970 12:00:00 AM
50022,QQQ,1603324034004,283.11,100,127343,283.06,283.11,0,0,0,0,0,0,4,0,0,10/21/2020 7:47:14 PM,1/1/1970 12:00:00 AM,1/1/1970 12:00:00 AM
50023,QQQ,1603324037424,283.1,100,127344,283.1,283.17,0,0,0,0,0,0,2,0,0,10/21/2020 7:47:17 PM,1/1/1970 12:00:00 AM,1/1/1970 12:00:00 AM
50024,QQQ,1603324039120,283.01,10,127345,283.02,283.07,0,0,0,0,0,0,1,0,0,10/21/2020 7:47:19 PM,1/1/1970 12:00:00 AM,1/1/1970 12:00:00 AM
50025,QQQ,1603324039121,283.02,2,127346,283.02,283.07,0,0,0,0,0,0,2,0,0,10/21/2020 7:47:19 PM,1/1/1970 12:00:00 AM,1/1/1970 12:00:00 AM
50026,QQQ,1603324039131,283,30,127347,283.02,283.07,0,0,0,0,0,0,1,0,0,10/21/2020 7:47:19 PM,1/1/1970 12:00:00 AM,1/1/1970 12:00:00 AM
50027,QQQ,1603324039131,283,250,127348,283.02,283.07,0,0,0,0,0,0,1,0,0,10/21/2020 7:47:19 PM,1/1/1970 12:00:00 AM,1/1/1970 12:00:00 AM
50028,QQQ,1603324039132,283,100,127349,283.02,283.07,0,0,0,0,0,0,1,0,0,10/21/2020 7:47:19 PM,1/1/1970 12:00:00 AM,1/1/1970 12:00:00 AM
50029,QQQ,1603324039132,283,5,127350,283.02,283.07,0,0,0,0,0,0,1,0,0,10/21/2020 7:47:19 PM,1/1/1970 12:00:00 AM,1/1/1970 12:00:00 AM
50030,QQQ,1603324039132,283,2,127351,283.02,283.07,0,0,0,0,0,0,1,0,0,10/21/2020 7:47:19 PM,1/1/1970 12:00:00 AM,1/1/1970 12:00:00 AM
50031,QQQ,1603324039132,283,100,127352,283.02,283.07,0,0,0,0,0,0,1,0,0,10/21/2020 7:47:19 PM,1/1/1970 12:00:00 AM,1/1/1970 12:00:00 AM
50032,QQQ,1603324039149,282.97,2,127353,283.02,283.07,0,0,0,0,0,0,1,0,0,10/21/2020 7:47:19 PM,1/1/1970 12:00:00 AM,1/1/1970 12:00:00 AM
50033,QQQ,1603324039149,282.96,2,127354,283.02,283.07,0,0,0,0,0,0,1,0,0,10/21/2020 7:47:19 PM,1/1/1970 12:00:00 AM,1/1/1970 12:00:00 AM
50034,QQQ,1603324040224,283.01,100,127355,282.91,282.98,0,0,0,0,0,0,5,0,0,10/21/2020 7:47:20 PM,1/1/1970 12:00:00 AM,1/1/1970 12:00:00 AM
50035,QQQ,1603324044690,283.03,400,127356,282.97,283,0,0,0,0,0,0,5,0,0,10/21/2020 7:47:24 PM,1/1/1970 12:00:00 AM,1/1/1970 12:00:00 AM
50036,QQQ,1603324044770,282.96,20,127357,282.97,283,0,0,0,0,0,0,1,0,0,10/21/2020 7:47:24 PM,1/1/1970 12:00:00 AM,1/1/1970 12:00:00 AM
50037,QQQ,1603324045992,282.89,5,127358,282.89,282.93,0,0,0,0,0,0,2,0,0,10/21/2020 7:47:25 PM,1/1/1970 12:00:00 AM,1/1/1970 12:00:00 AM
50038,QQQ,1603324046003,282.88,95,127359,282.89,282.93,0,0,0,0,0,0,1,0,0,10/21/2020 7:47:26 PM,1/1/1970 12:00:00 AM,1/1/1970 12:00:00 AM
50039,QQQ,1603324046979,282.88,2,127360,282.87,282.91,0,0,0,0,0,0,3,0,0,10/21/2020 7:47:26 PM,1/1/1970 12:00:00 AM,1/1/1970 12:00:00 AM
50040,QQQ,1603324047080,282.89,300,127361,282.87,282.91,0,0,0,0,0,0,3,0,0,10/21/2020 7:47:27 PM,1/1/1970 12:00:00 AM,1/1/1970 12:00:00 AM
50041,QQQ,1603324049324,282.86,600,127362,282.84,282.87,0,0,0,0,0,0,3,0,0,10/21/2020 7:47:29 PM,1/1/1970 12:00:00 AM,1/1/1970 12:00:00 AM
50042,QQQ,1603324050746,282.88,30,127363,282.85,282.89,0,0,0,0,0,0,3,0,0,10/21/2020 7:47:30 PM,1/1/1970 12:00:00 AM,1/1/1970 12:00:00 AM
50043,QQQ,1603324051054,282.93,300,127364,282.88,282.92,0,0,0,0,0,0,5,0,0,10/21/2020 7:47:31 PM,1/1/1970 12:00:00 AM,1/1/1970 12:00:00 AM
50044,QQQ,1603324051699,282.86,600,127365,282.88,282.92,0,0,0,0,0,0,1,0,0,10/21/2020 7:47:31 PM,1/1/1970 12:00:00 AM,1/1/1970 12:00:00 AM
50045,QQQ,1603324051737,282.87,400,127366,282.88,282.92,0,0,0,0,0,0,1,0,0,10/21/2020 7:47:31 PM,1/1/1970 12:00:00 AM,1/1/1970 12:00:00 AM
50046,QQQ,1603324051737,282.87,600,127367,282.88,282.92,0,0,0,0,0,0,1,0,0,10/21/2020 7:47:31 PM,1/1/1970 12:00:00 AM,1/1/1970 12:00:00 AM
50047,QQQ,1603324052357,282.89,100,127368,282.84,282.88,0,0,0,0,0,0,5,0,0,10/21/2020 7:47:32 PM,1/1/1970 12:00:00 AM,1/1/1970 12:00:00 AM
50048,QQQ,1603324055083,282.83,14,127369,282.8,282.83,0,0,0,0,0,0,4,0,0,10/21/2020 7:47:35 PM,1/1/1970 12:00:00 AM,1/1/1970 12:00:00 AM
50049,QQQ,1603324055228,282.82,200,127370,282.8,282.83,0,0,0,0,0,0,4,0,0,10/21/2020 7:47:35 PM,1/1/1970 12:00:00 AM,1/1/1970 12:00:00 AM
50050,QQQ,1603324055228,282.82,200,127371,282.8,282.83,0,0,0,0,0,0,4,0,0,10/21/2020 7:47:35 PM,1/1/1970 12:00:00 AM,1/1/1970 12:00:00 AM
50051,QQQ,1603324055234,282.82,400,127372,282.8,282.83,0,0,0,0,0,0,4,0,0,10/21/2020 7:47:35 PM,1/1/1970 12:00:00 AM,1/1/1970 12:00:00 AM
50052,QQQ,1603324057863,282.9,50,127373,282.8,282.82,0,0,0,0,0,0,5,0,0,10/21/2020 7:47:37 PM,1/1/1970 12:00:00 AM,1/1/1970 12:00:00 AM
50053,QQQ,1603324059247,282.97,5,127374,282.93,282.97,0,0,0,0,0,0,4,0,0,10/21/2020 7:47:39 PM,1/1/1970 12:00:00 AM,1/1/1970 12:00:00 AM
50054,QQQ,1603324061025,283.01,600,127375,282.93,282.97,0,0,0,0,0,0,5,0,0,10/21/2020 7:47:41 PM,1/1/1970 12:00:00 AM,1/1/1970 12:00:00 AM
50055,QQQ,1603324072693,283.11,40,127376,283.09,283.13,0,0,0,0,0,0,3,0,0,10/21/2020 7:47:52 PM,1/1/1970 12:00:00 AM,1/1/1970 12:00:00 AM
50056,QQQ,1603324074627,283.14,8,127377,283.11,283.15,0,0,0,0,0,0,4,0,0,10/21/2020 7:47:54 PM,1/1/1970 12:00:00 AM,1/1/1970 12:00:00 AM
50057,QQQ,1603324078856,283.25,30,127378,283.21,283.24,0,0,0,0,0,0,5,0,0,10/21/2020 7:47:58 PM,1/1/1970 12:00:00 AM,1/1/1970 12:00:00 AM
50058,QQQ,1603324088712,283.22,400,127379,283.2,283.22,0,0,0,0,0,0,4,0,0,10/21/2020 7:48:08 PM,1/1/1970 12:00:00 AM,1/1/1970 12:00:00 AM
50059,QQQ,1603324089026,283.17,150,127380,283.2,283.22,0,0,0,0,0,0,1,0,0,10/21/2020 7:48:09 PM,1/1/1970 12:00:00 AM,1/1/1970 12:00:00 AM
50060,QQQ,1603324104509,283.16,20,127381,283.15,283.2,0,0,0,0,0,0,3,0,0,10/21/2020 7:48:24 PM,1/1/1970 12:00:00 AM,1/1/1970 12:00:00 AM
50061,QQQ,1603324105759,283.17,5,127382,283.16,283.2,0,0,0,0,0,0,3,0,0,10/21/2020 7:48:25 PM,1/1/1970 12:00:00 AM,1/1/1970 12:00:00 AM
50062,QQQ,1603324106468,283.1,600,127383,283.12,283.16,0,0,0,0,0,0,1,0,0,10/21/2020 7:48:26 PM,1/1/1970 12:00:00 AM,1/1/1970 12:00:00 AM
50063,QQQ,1603324106470,283.1,400,127384,283.12,283.16,0,0,0,0,0,0,1,0,0,10/21/2020 7:48:26 PM,1/1/1970 12:00:00 AM,1/1/1970 12:00:00 AM
50064,QQQ,1603324106481,282.96,100,127385,283.12,283.16,0,0,0,0,0,0,1,0,0,10/21/2020 7:48:26 PM,1/1/1970 12:00:00 AM,1/1/1970 12:00:00 AM
50065,QQQ,1603324106481,282.99,25,127386,283.12,283.16,0,0,0,0,0,0,1,0,0,10/21/2020 7:48:26 PM,1/1/1970 12:00:00 AM,1/1/1970 12:00:00 AM
50066,QQQ,1603324106483,282.95,7,127387,283.12,283.16,0,0,0,0,0,0,1,0,0,10/21/2020 7:48:26 PM,1/1/1970 12:00:00 AM,1/1/1970 12:00:00 AM
50067,QQQ,1603324106492,283,200,127388,283.12,283.16,0,0,0,0,0,0,1,0,0,10/21/2020 7:48:26 PM,1/1/1970 12:00:00 AM,1/1/1970 12:00:00 AM
50068,QQQ,1603324106492,283,10,127389,283.12,283.16,0,0,0,0,0,0,1,0,0,10/21/2020 7:48:26 PM,1/1/1970 12:00:00 AM,1/1/1970 12:00:00 AM
50069,QQQ,1603324106492,283,10,127390,283.12,283.16,0,0,0,0,0,0,1,0,0,10/21/2020 7:48:26 PM,1/1/1970 12:00:00 AM,1/1/1970 12:00:00 AM
50070,QQQ,1603324106600,282.98,7,127391,283.12,283.16,0,0,0,0,0,0,1,0,0,10/21/2020 7:48:26 PM,1/1/1970 12:00:00 AM,1/1/1970 12:00:00 AM
50071,QQQ,1603324106601,282.98,7,127392,283.12,283.16,0,0,0,0,0,0,1,0,0,10/21/2020 7:48:26 PM,1/1/1970 12:00:00 AM,1/1/1970 12:00:00 AM
50072,QQQ,1603324106898,282.95,7,127393,283.12,283.16,0,0,0,0,0,0,1,0,0,10/21/2020 7:48:26 PM,1/1/1970 12:00:00 AM,1/1/1970 12:00:00 AM
50073,QQQ,1603324106898,282.95,6,127394,283.12,283.16,0,0,0,0,0,0,1,0,0,10/21/2020 7:48:26 PM,1/1/1970 12:00:00 AM,1/1/1970 12:00:00 AM
50074,QQQ,1603324107629,282.96,1,127395,282.95,282.99,0,0,0,0,0,0,2,0,0,10/21/2020 7:48:27 PM,1/1/1970 12:00:00 AM,1/1/1970 12:00:00 AM
50075,QQQ,1603324109930,283.02,1,127396,282.95,283.02,0,0,0,0,0,0,4,0,0,10/21/2020 7:48:29 PM,1/1/1970 12:00:00 AM,1/1/1970 12:00:00 AM
50076,QQQ,1603324117017,283.08,11,127397,283.04,283.1,0,0,0,0,0,0,3,0,0,10/21/2020 7:48:37 PM,1/1/1970 12:00:00 AM,1/1/1970 12:00:00 AM
50077,QQQ,1603324117542,283.07,40,127398,283.04,283.1,0,0,0,0,0,0,3,0,0,10/21/2020 7:48:37 PM,1/1/1970 12:00:00 AM,1/1/1970 12:00:00 AM
50078,QQQ,1603324120220,283.06,600,127399,283.02,283.1,0,0,0,0,0,0,3,0,0,10/21/2020 7:48:40 PM,1/1/1970 12:00:00 AM,1/1/1970 12:00:00 AM
50079,QQQ,1603324122727,283.13,200,127400,283.13,283.17,0,0,0,0,0,0,2,0,0,10/21/2020 7:48:42 PM,1/1/1970 12:00:00 AM,1/1/1970 12:00:00 AM
50080,QQQ,1603324123269,283.13,200,127401,283.13,283.17,0,0,0,0,0,0,2,0,0,10/21/2020 7:48:43 PM,1/1/1970 12:00:00 AM,1/1/1970 12:00:00 AM
50081,QQQ,1603324123269,283.13,200,127402,283.13,283.17,0,0,0,0,0,0,2,0,0,10/21/2020 7:48:43 PM,1/1/1970 12:00:00 AM,1/1/1970 12:00:00 AM
50082,QQQ,1603324123913,283.13,400,127403,283.13,283.14,0,0,0,0,0,0,2,0,0,10/21/2020 7:48:43 PM,1/1/1970 12:00:00 AM,1/1/1970 12:00:00 AM
50083,QQQ,1603324128367,283.19,30,127404,283.12,283.17,0,0,0,0,0,0,5,0,0,10/21/2020 7:48:48 PM,1/1/1970 12:00:00 AM,1/1/1970 12:00:00 AM
50084,QQQ,1603324131857,283.22,100,127405,283.21,283.25,0,0,0,0,0,0,3,0,0,10/21/2020 7:48:51 PM,1/1/1970 12:00:00 AM,1/1/1970 12:00:00 AM
50085,QQQ,1603324139831,283.22,600,127406,283.17,283.22,0,0,0,0,0,0,4,0,0,10/21/2020 7:48:59 PM,1/1/1970 12:00:00 AM,1/1/1970 12:00:00 AM
50086,QQQ,1603324139831,283.22,600,127407,283.17,283.22,0,0,0,0,0,0,4,0,0,10/21/2020 7:48:59 PM,1/1/1970 12:00:00 AM,1/1/1970 12:00:00 AM
50087,QQQ,1603324139831,283.22,600,127408,283.17,283.22,0,0,0,0,0,0,4,0,0,10/21/2020 7:48:59 PM,1/1/1970 12:00:00 AM,1/1/1970 12:00:00 AM
50088,QQQ,1603324139831,283.22,600,127409,283.17,283.22,0,0,0,0,0,0,4,0,0,10/21/2020 7:48:59 PM,1/1/1970 12:00:00 AM,1/1/1970 12:00:00 AM
50089,QQQ,1603324139841,283.22,30,127410,283.17,283.22,0,0,0,0,0,0,4,0,0,10/21/2020 7:48:59 PM,1/1/1970 12:00:00 AM,1/1/1970 12:00:00 AM
50090,QQQ,1603324140910,283.24,10,127411,283.22,283.25,0,0,0,0,0,0,3,0,0,10/21/2020 7:49:00 PM,1/1/1970 12:00:00 AM,1/1/1970 12:00:00 AM
50091,QQQ,1603324141248,283.25,200,127412,283.22,283.25,0,0,0,0,0,0,4,0,0,10/21/2020 7:49:01 PM,1/1/1970 12:00:00 AM,1/1/1970 12:00:00 AM
50092,QQQ,1603324141248,283.27,600,127413,283.22,283.25,0,0,0,0,0,0,5,0,0,10/21/2020 7:49:01 PM,1/1/1970 12:00:00 AM,1/1/1970 12:00:00 AM
50093,QQQ,1603324141249,283.27,200,127414,283.22,283.25,0,0,0,0,0,0,5,0,0,10/21/2020 7:49:01 PM,1/1/1970 12:00:00 AM,1/1/1970 12:00:00 AM
6121,QQQ,1603324221055,283.33,600,127437,283.33,283.37,0,0,0,0,0,0,2,0,0,10/21/2020 7:50:21 PM,1/1/1970 12:00:00 AM,1/1/1970 12:00:00 AM
6122,QQQ,1603324221056,283.33,600,127438,283.33,283.37,0,0,0,0,0,0,2,0,0,10/21/2020 7:50:21 PM,1/1/1970 12:00:00 AM,1/1/1970 12:00:00 AM
6123,QQQ,1603324221056,283.33,600,127439,283.33,283.37,0,0,0,0,0,0,2,0,0,10/21/2020 7:50:21 PM,1/1/1970 12:00:00 AM,1/1/1970 12:00:00 AM
6124,QQQ,1603324221056,283.33,600,127440,283.33,283.37,0,0,0,0,0,0,2,0,0,10/21/2020 7:50:21 PM,1/1/1970 12:00:00 AM,1/1/1970 12:00:00 AM
6125,QQQ,1603324221057,283.32,200,127441,283.33,283.37,0,0,0,0,0,0,1,0,0,10/21/2020 7:50:21 PM,1/1/1970 12:00:00 AM,1/1/1970 12:00:00 AM
6126,QQQ,1603324227174,283.35,50,127442,283.31,283.36,0,0,0,0,0,0,4,0,0,10/21/2020 7:50:27 PM,1/1/1970 12:00:00 AM,1/1/1970 12:00:00 AM
6127,QQQ,1603324233735,283.35,25,127443,283.31,283.36,0,0,0,0,0,0,4,0,0,10/21/2020 7:50:33 PM,1/1/1970 12:00:00 AM,1/1/1970 12:00:00 AM
6128,QQQ,1603324237066,283.36,100,127444,283.31,283.36,0,0,0,0,0,0,4,0,0,10/21/2020 7:50:37 PM,1/1/1970 12:00:00 AM,1/1/1970 12:00:00 AM
6129,QQQ,1603324249278,283.44,100,127445,283.44,283.5,0,0,0,0,0,0,2,0,0,10/21/2020 7:50:49 PM,1/1/1970 12:00:00 AM,1/1/1970 12:00:00 AM
6130,QQQ,1603324253001,283.51,11,127446,283.5,283.56,0,0,0,0,0,0,3,0,0,10/21/2020 7:50:53 PM,1/1/1970 12:00:00 AM,1/1/1970 12:00:00 AM
6131,QQQ,1603324254938,283.57,25,127447,283.53,283.61,0,0,0,0,0,0,3,0,0,10/21/2020 7:50:54 PM,1/1/1970 12:00:00 AM,1/1/1970 12:00:00 AM
6132,QQQ,1603324257259,283.52,50,127448,283.46,283.52,0,0,0,0,0,0,4,0,0,10/21/2020 7:50:57 PM,1/1/1970 12:00:00 AM,1/1/1970 12:00:00 AM
6133,QQQ,1603324258076,283.47,600,127449,283.46,283.52,0,0,0,0,0,0,3,0,0,10/21/2020 7:50:58 PM,1/1/1970 12:00:00 AM,1/1/1970 12:00:00 AM
6134,QQQ,1603324258076,283.5,500,127450,283.46,283.52,0,0,0,0,0,0,3,0,0,10/21/2020 7:50:58 PM,1/1/1970 12:00:00 AM,1/1/1970 12:00:00 AM
6135,QQQ,1603324258076,283.47,600,127451,283.46,283.52,0,0,0,0,0,0,3,0,0,10/21/2020 7:50:58 PM,1/1/1970 12:00:00 AM,1/1/1970 12:00:00 AM
6136,QQQ,1603324259484,283.42,25,127452,283.36,283.42,0,0,0,0,0,0,4,0,0,10/21/2020 7:50:59 PM,1/1/1970 12:00:00 AM,1/1/1970 12:00:00 AM
6137,QQQ,1603324263565,283.4,100,127453,283.36,283.41,0,0,0,0,0,0,3,0,0,10/21/2020 7:51:03 PM,1/1/1970 12:00:00 AM,1/1/1970 12:00:00 AM
6138,QQQ,1603324264250,283.4,400,127454,283.36,283.41,0,0,0,0,0,0,3,0,0,10/21/2020 7:51:04 PM,1/1/1970 12:00:00 AM,1/1/1970 12:00:00 AM
6139,QQQ,1603324265702,283.32,14,127455,283.33,283.37,0,0,0,0,0,0,1,0,0,10/21/2020 7:51:05 PM,1/1/1970 12:00:00 AM,1/1/1970 12:00:00 AM
6140,QQQ,1603324265702,283.32,14,127456,283.33,283.37,0,0,0,0,0,0,1,0,0,10/21/2020 7:51:05 PM,1/1/1970 12:00:00 AM,1/1/1970 12:00:00 AM
6141,QQQ,1603324265749,283.33,50,127457,283.33,283.37,0,0,0,0,0,0,2,0,0,10/21/2020 7:51:05 PM,1/1/1970 12:00:00 AM,1/1/1970 12:00:00 AM
6142,QQQ,1603324297189,283.36,800,127458,283.35,283.36,0,0,0,0,0,0,4,0,0,10/21/2020 7:51:37 PM,1/1/1970 12:00:00 AM,1/1/1970 12:00:00 AM
6143,QQQ,1603324297189,283.36,200,127459,283.35,283.36,0,0,0,0,0,0,4,0,0,10/21/2020 7:51:37 PM,1/1/1970 12:00:00 AM,1/1/1970 12:00:00 AM
6144,QQQ,1603324298789,283.36,200,127460,283.37,283.41,0,0,0,0,0,0,1,0,0,10/21/2020 7:51:38 PM,1/1/1970 12:00:00 AM,1/1/1970 12:00:00 AM
6145,QQQ,1603324311933,283.43,100,127461,283.39,283.43,0,0,0,0,0,0,4,0,0,10/21/2020 7:51:51 PM,1/1/1970 12:00:00 AM,1/1/1970 12:00:00 AM
6146,QQQ,1603324317515,283.41,20,127462,283.37,283.43,0,0,0,0,0,0,3,0,0,10/21/2020 7:51:57 PM,1/1/1970 12:00:00 AM,1/1/1970 12:00:00 AM
6147,QQQ,1603324318364,283.49,25,127463,283.41,283.49,0,0,0,0,0,0,4,0,0,10/21/2020 7:51:58 PM,1/1/1970 12:00:00 AM,1/1/1970 12:00:00 AM
6148,QQQ,1603324327383,283.5,5,127464,283.49,283.54,0,0,0,0,0,0,3,0,0,10/21/2020 7:52:07 PM,1/1/1970 12:00:00 AM,1/1/1970 12:00:00 AM
6149,QQQ,1603324327384,283.54,95,127465,283.49,283.54,0,0,0,0,0,0,4,0,0,10/21/2020 7:52:07 PM,1/1/1970 12:00:00 AM,1/1/1970 12:00:00 AM
6150,QQQ,1603324332650,283.51,1,127466,283.51,283.56,0,0,0,0,0,0,2,0,0,10/21/2020 7:52:12 PM,1/1/1970 12:00:00 AM,1/1/1970 12:00:00 AM
6151,QQQ,1603324333889,283.5,250,127467,283.5,283.53,0,0,0,0,0,0,2,0,0,10/21/2020 7:52:13 PM,1/1/1970 12:00:00 AM,1/1/1970 12:00:00 AM
6152,QQQ,1603324341729,283.59,55,127468,283.54,283.59,0,0,0,0,0,0,4,0,0,10/21/2020 7:52:21 PM,1/1/1970 12:00:00 AM,1/1/1970 12:00:00 AM
6153,QQQ,1603324347255,283.52,200,127469,283.53,283.59,0,0,0,0,0,0,1,0,0,10/21/2020 7:52:27 PM,1/1/1970 12:00:00 AM,1/1/1970 12:00:00 AM
6154,QQQ,1603324347255,283.52,1,127470,283.53,283.59,0,0,0,0,0,0,1,0,0,10/21/2020 7:52:27 PM,1/1/1970 12:00:00 AM,1/1/1970 12:00:00 AM
6155,QQQ,1603324347448,283.5,1,127471,283.52,283.57,0,0,0,0,0,0,1,0,0,10/21/2020 7:52:27 PM,1/1/1970 12:00:00 AM,1/1/1970 12:00:00 AM
6156,QQQ,1603324349455,283.47,200,127472,283.49,283.52,0,0,0,0,0,0,1,0,0,10/21/2020 7:52:29 PM,1/1/1970 12:00:00 AM,1/1/1970 12:00:00 AM
6157,QQQ,1603324359086,283.5,10,127473,283.45,283.5,0,0,0,0,0,0,4,0,0,10/21/2020 7:52:39 PM,1/1/1970 12:00:00 AM,1/1/1970 12:00:00 AM
6158,QQQ,1603324361117,283.47,25,127474,283.47,283.52,0,0,0,0,0,0,2,0,0,10/21/2020 7:52:41 PM,1/1/1970 12:00:00 AM,1/1/1970 12:00:00 AM
6159,QQQ,1603324363958,283.5,26,127475,283.47,283.53,0,0,0,0,0,0,3,0,0,10/21/2020 7:52:43 PM,1/1/1970 12:00:00 AM,1/1/1970 12:00:00 AM
6160,QQQ,1603324363958,283.47,200,127476,283.47,283.53,0,0,0,0,0,0,2,0,0,10/21/2020 7:52:43 PM,1/1/1970 12:00:00 AM,1/1/1970 12:00:00 AM
6161,QQQ,1603324363958,283.47,175,127477,283.47,283.53,0,0,0,0,0,0,2,0,0,10/21/2020 7:52:43 PM,1/1/1970 12:00:00 AM,1/1/1970 12:00:00 AM
6162,QQQ,1603324363959,283.47,200,127478,283.47,283.53,0,0,0,0,0,0,2,0,0,10/21/2020 7:52:43 PM,1/1/1970 12:00:00 AM,1/1/1970 12:00:00 AM
6163,QQQ,1603324363969,283.47,66,127479,283.47,283.53,0,0,0,0,0,0,2,0,0,10/21/2020 7:52:43 PM,1/1/1970 12:00:00 AM,1/1/1970 12:00:00 AM
6164,QQQ,1603324368391,283.45,1,127480,283.41,283.45,0,0,0,0,0,0,4,0,0,10/21/2020 7:52:48 PM,1/1/1970 12:00:00 AM,1/1/1970 12:00:00 AM
6165,QQQ,1603324369630,283.45,1,127481,283.41,283.45,0,0,0,0,0,0,4,0,0,10/21/2020 7:52:49 PM,1/1/1970 12:00:00 AM,1/1/1970 12:00:00 AM
6166,QQQ,1603324370819,283.45,55,127482,283.41,283.45,0,0,0,0,0,0,4,0,0,10/21/2020 7:52:50 PM,1/1/1970 12:00:00 AM,1/1/1970 12:00:00 AM
6167,QQQ,1603324375097,283.43,10,127483,283.4,283.45,0,0,0,0,0,0,3,0,0,10/21/2020 7:52:55 PM,1/1/1970 12:00:00 AM,1/1/1970 12:00:00 AM
6168,QQQ,1603324375097,283.4,200,127484,283.4,283.45,0,0,0,0,0,0,2,0,0,10/21/2020 7:52:55 PM,1/1/1970 12:00:00 AM,1/1/1970 12:00:00 AM
6169,QQQ,1603324375097,283.4,200,127485,283.4,283.45,0,0,0,0,0,0,2,0,0,10/21/2020 7:52:55 PM,1/1/1970 12:00:00 AM,1/1/1970 12:00:00 AM
6170,QQQ,1603324375097,283.4,200,127486,283.4,283.45,0,0,0,0,0,0,2,0,0,10/21/2020 7:52:55 PM,1/1/1970 12:00:00 AM,1/1/1970 12:00:00 AM
6171,QQQ,1603324375098,283.4,57,127487,283.4,283.45,0,0,0,0,0,0,2,0,0,10/21/2020 7:52:55 PM,1/1/1970 12:00:00 AM,1/1/1970 12:00:00 AM
6172,QQQ,1603324381720,283.45,299,127488,283.41,283.45,0,0,0,0,0,0,4,0,0,10/21/2020 7:53:01 PM,1/1/1970 12:00:00 AM,1/1/1970 12:00:00 AM
6173,QQQ,1603324386938,283.5,40,127489,283.49,283.5,0,0,0,0,0,0,4,0,0,10/21/2020 7:53:06 PM,1/1/1970 12:00:00 AM,1/1/1970 12:00:00 AM
6174,QQQ,1603324390494,283.5,60,127490,283.5,283.56,0,0,0,0,0,0,2,0,0,10/21/2020 7:53:10 PM,1/1/1970 12:00:00 AM,1/1/1970 12:00:00 AM
6175,QQQ,1603324393550,283.49,20,127491,283.49,283.56,0,0,0,0,0,0,2,0,0,10/21/2020 7:53:13 PM,1/1/1970 12:00:00 AM,1/1/1970 12:00:00 AM
6176,QQQ,1603324401480,283.54,46,127492,283.53,283.59,0,0,0,0,0,0,3,0,0,10/21/2020 7:53:21 PM,1/1/1970 12:00:00 AM,1/1/1970 12:00:00 AM
6177,QQQ,1603324401661,283.54,20,127493,283.53,283.59,0,0,0,0,0,0,3,0,0,10/21/2020 7:53:21 PM,1/1/1970 12:00:00 AM,1/1/1970 12:00:00 AM
6178,QQQ,1603324403384,283.57,200,127494,283.53,283.59,0,0,0,0,0,0,3,0,0,10/21/2020 7:53:23 PM,1/1/1970 12:00:00 AM,1/1/1970 12:00:00 AM
6179,QQQ,1603324403384,283.57,200,127495,283.53,283.59,0,0,0,0,0,0,3,0,0,10/21/2020 7:53:23 PM,1/1/1970 12:00:00 AM,1/1/1970 12:00:00 AM
6180,QQQ,1603324403386,283.56,200,127496,283.53,283.59,0,0,0,0,0,0,3,0,0,10/21/2020 7:53:23 PM,1/1/1970 12:00:00 AM,1/1/1970 12:00:00 AM
6181,QQQ,1603324403386,283.56,200,127497,283.53,283.59,0,0,0,0,0,0,3,0,0,10/21/2020 7:53:23 PM,1/1/1970 12:00:00 AM,1/1/1970 12:00:00 AM
6182,QQQ,1603324403386,283.56,200,127498,283.53,283.59,0,0,0,0,0,0,3,0,0,10/21/2020 7:53:23 PM,1/1/1970 12:00:00 AM,1/1/1970 12:00:00 AM
6183,QQQ,1603324403386,283.56,10,127499,283.53,283.59,0,0,0,0,0,0,3,0,0,10/21/2020 7:53:23 PM,1/1/1970 12:00:00 AM,1/1/1970 12:00:00 AM
6184,QQQ,1603324403386,283.56,200,127500,283.53,283.59,0,0,0,0,0,0,3,0,0,10/21/2020 7:53:23 PM,1/1/1970 12:00:00 AM,1/1/1970 12:00:00 AM
6185,QQQ,1603324403387,283.551,225,127501,283.53,283.59,0,0,0,0,0,0,3,0,0,10/21/2020 7:53:23 PM,1/1/1970 12:00:00 AM,1/1/1970 12:00:00 AM
6186,QQQ,1603324403392,283.6,1000,127502,283.53,283.59,0,0,0,0,0,0,5,0,0,10/21/2020 7:53:23 PM,1/1/1970 12:00:00 AM,1/1/1970 12:00:00 AM
6187,QQQ,1603324403393,283.6,800,127503,283.53,283.59,0,0,0,0,0,0,5,0,0,10/21/2020 7:53:23 PM,1/1/1970 12:00:00 AM,1/1/1970 12:00:00 AM
6188,QQQ,1603324403393,283.6,988,127504,283.53,283.59,0,0,0,0,0,0,5,0,0,10/21/2020 7:53:23 PM,1/1/1970 12:00:00 AM,1/1/1970 12:00:00 AM
6189,QQQ,1603324408585,283.59,50,127505,283.55,283.59,0,0,0,0,0,0,4,0,0,10/21/2020 7:53:28 PM,1/1/1970 12:00:00 AM,1/1/1970 12:00:00 AM
6190,QQQ,1603324411991,283.59,5,127506,283.55,283.6,0,0,0,0,0,0,3,0,0,10/21/2020 7:53:31 PM,1/1/1970 12:00:00 AM,1/1/1970 12:00:00 AM
6191,QQQ,1603324412687,283.54,180,127507,283.54,283.59,0,0,0,0,0,0,2,0,0,10/21/2020 7:53:32 PM,1/1/1970 12:00:00 AM,1/1/1970 12:00:00 AM
6192,QQQ,1603324420744,283.51,100,127508,283.5,283.51,0,0,0,0,0,0,4,0,0,10/21/2020 7:53:40 PM,1/1/1970 12:00:00 AM,1/1/1970 12:00:00 AM
6193,QQQ,1603324422624,283.5,100,127509,283.5,283.51,0,0,0,0,0,0,2,0,0,10/21/2020 7:53:42 PM,1/1/1970 12:00:00 AM,1/1/1970 12:00:00 AM
6194,QQQ,1603324422631,283.5,100,127510,283.5,283.51,0,0,0,0,0,0,2,0,0,10/21/2020 7:53:42 PM,1/1/1970 12:00:00 AM,1/1/1970 12:00:00 AM
6195,QQQ,1603324423341,283.5,300,127511,283.5,283.5,0,0,0,0,0,0,2,0,0,10/21/2020 7:53:43 PM,1/1/1970 12:00:00 AM,1/1/1970 12:00:00 AM
6196,QQQ,1603324429855,283.49,55,127512,283.46,283.51,0,0,0,0,0,0,3,0,0,10/21/2020 7:53:49 PM,1/1/1970 12:00:00 AM,1/1/1970 12:00:00 AM
6197,QQQ,1603324431831,283.48,30,127513,283.46,283.51,0,0,0,0,0,0,3,0,0,10/21/2020 7:53:51 PM,1/1/1970 12:00:00 AM,1/1/1970 12:00:00 AM
6198,QQQ,1603324446946,283.49,200,127514,283.48,283.52,0,0,0,0,0,0,2,0,0,10/21/2020 7:54:06 PM,1/1/1970 12:00:00 AM,1/1/1970 12:00:00 AM
6199,QQQ,1603324446946,283.49,200,127515,283.48,283.52,0,0,0,0,0,0,2,0,0,10/21/2020 7:54:06 PM,1/1/1970 12:00:00 AM,1/1/1970 12:00:00 AM
6200,QQQ,1603324446947,283.5,20,127516,283.48,283.52,0,0,0,0,0,0,3,0,0,10/21/2020 7:54:06 PM,1/1/1970 12:00:00 AM,1/1/1970 12:00:00 AM
6201,QQQ,1603324451134,283.5,80,127517,283.5,283.54,0,0,0,0,0,0,2,0,0,10/21/2020 7:54:11 PM,1/1/1970 12:00:00 AM,1/1/1970 12:00:00 AM
6202,QQQ,1603324463388,283.51,4,127518,283.48,283.52,0,0,0,0,0,0,4,0,0,10/21/2020 7:54:23 PM,1/1/1970 12:00:00 AM,1/1/1970 12:00:00 AM
6203,QQQ,1603324466531,283.48,100,127519,283.46,283.5,0,0,0,0,0,0,3,0,0,10/21/2020 7:54:26 PM,1/1/1970 12:00:00 AM,1/1/1970 12:00:00 AM
6204,QQQ,1603324475725,283.48,35,127520,283.44,283.48,0,0,0,0,0,0,4,0,0,10/21/2020 7:54:35 PM,1/1/1970 12:00:00 AM,1/1/1970 12:00:00 AM
6205,QQQ,1603324479054,283.5,20,127521,283.44,283.49,0,0,0,0,0,0,5,0,0,10/21/2020 7:54:39 PM,1/1/1970 12:00:00 AM,1/1/1970 12:00:00 AM
6206,QQQ,1603324488050,283.48,50,127522,283.48,283.52,0,0,0,0,0,0,2,0,0,10/21/2020 7:54:48 PM,1/1/1970 12:00:00 AM,1/1/1970 12:00:00 AM
6207,QQQ,1603324488562,283.49,25,127523,283.48,283.52,0,0,0,0,0,0,2,0,0,10/21/2020 7:54:48 PM,1/1/1970 12:00:00 AM,1/1/1970 12:00:00 AM
6208,QQQ,1603324490123,283.52,500,127524,283.48,283.52,0,0,0,0,0,0,4,0,0,10/21/2020 7:54:50 PM,1/1/1970 12:00:00 AM,1/1/1970 12:00:00 AM
6209,QQQ,1603324498333,283.48,11,127525,283.48,283.53,0,0,0,0,0,0,2,0,0,10/21/2020 7:54:58 PM,1/1/1970 12:00:00 AM,1/1/1970 12:00:00 AM
6210,QQQ,1603324500290,283.5,1,127526,283.48,283.53,0,0,0,0,0,0,3,0,0,10/21/2020 7:55:00 PM,1/1/1970 12:00:00 AM,1/1/1970 12:00:00 AM
123079,QQQ,1603324639371,283.65,17,127569,283.63,283.69,0,0,0,0,0,0,3,0,0,10/21/2020 7:57:19 PM,1/1/1970 12:00:00 AM,1/1/1970 12:00:00 AM
123080,QQQ,1603324639372,283.65,50,127570,283.63,283.69,0,0,0,0,0,0,3,0,0,10/21/2020 7:57:19 PM,1/1/1970 12:00:00 AM,1/1/1970 12:00:00 AM
123081,QQQ,1603324642481,283.67,1,127571,283.66,283.73,0,0,0,0,0,0,3,0,0,10/21/2020 7:57:22 PM,1/1/1970 12:00:00 AM,1/1/1970 12:00:00 AM
123082,QQQ,1603324643639,283.69,10,127572,283.67,283.72,0,0,0,0,0,0,3,0,0,10/21/2020 7:57:23 PM,1/1/1970 12:00:00 AM,1/1/1970 12:00:00 AM
123083,QQQ,1603324651762,283.68,10,127573,283.62,283.68,0,0,0,0,0,0,4,0,0,10/21/2020 7:57:31 PM,1/1/1970 12:00:00 AM,1/1/1970 12:00:00 AM
123084,QQQ,1603324655377,283.66,1,127574,283.63,283.7,0,0,0,0,0,0,3,0,0,10/21/2020 7:57:35 PM,1/1/1970 12:00:00 AM,1/1/1970 12:00:00 AM
123085,QQQ,1603324656680,283.65,25,127575,283.65,283.72,0,0,0,0,0,0,2,0,0,10/21/2020 7:57:36 PM,1/1/1970 12:00:00 AM,1/1/1970 12:00:00 AM
123086,QQQ,1603324660522,283.71,5,127576,283.65,283.71,0,0,0,0,0,0,4,0,0,10/21/2020 7:57:40 PM,1/1/1970 12:00:00 AM,1/1/1970 12:00:00 AM
123087,QQQ,1603324660522,283.7,495,127577,283.65,283.71,0,0,0,0,0,0,4,0,0,10/21/2020 7:57:40 PM,1/1/1970 12:00:00 AM,1/1/1970 12:00:00 AM
123088,QQQ,1603324663576,283.7,505,127578,283.7,283.71,0,0,0,0,0,0,2,0,0,10/21/2020 7:57:43 PM,1/1/1970 12:00:00 AM,1/1/1970 12:00:00 AM
123089,QQQ,1603324667567,283.68,100,127579,283.62,283.68,0,0,0,0,0,0,4,0,0,10/21/2020 7:57:47 PM,1/1/1970 12:00:00 AM,1/1/1970 12:00:00 AM
123090,QQQ,1603324669494,283.62,50,127580,283.62,283.68,0,0,0,0,0,0,2,0,0,10/21/2020 7:57:49 PM,1/1/1970 12:00:00 AM,1/1/1970 12:00:00 AM
123091,QQQ,1603324669494,283.62,200,127581,283.62,283.68,0,0,0,0,0,0,2,0,0,10/21/2020 7:57:49 PM,1/1/1970 12:00:00 AM,1/1/1970 12:00:00 AM
123092,QQQ,1603324682879,283.65,50,127582,283.61,283.67,0,0,0,0,0,0,3,0,0,10/21/2020 7:58:02 PM,1/1/1970 12:00:00 AM,1/1/1970 12:00:00 AM
123093,QQQ,1603324684348,283.65,200,127583,283.6,283.67,0,0,0,0,0,0,3,0,0,10/21/2020 7:58:04 PM,1/1/1970 12:00:00 AM,1/1/1970 12:00:00 AM
123094,QQQ,1603324691323,283.67,600,127584,283.61,283.67,0,0,0,0,0,0,4,0,0,10/21/2020 7:58:11 PM,1/1/1970 12:00:00 AM,1/1/1970 12:00:00 AM
123095,QQQ,1603324691323,283.67,200,127585,283.61,283.67,0,0,0,0,0,0,4,0,0,10/21/2020 7:58:11 PM,1/1/1970 12:00:00 AM,1/1/1970 12:00:00 AM
123096,QQQ,1603324691323,283.67,200,127586,283.61,283.67,0,0,0,0,0,0,4,0,0,10/21/2020 7:58:11 PM,1/1/1970 12:00:00 AM,1/1/1970 12:00:00 AM
123097,QQQ,1603324691323,283.67,600,127587,283.61,283.67,0,0,0,0,0,0,4,0,0,10/21/2020 7:58:11 PM,1/1/1970 12:00:00 AM,1/1/1970 12:00:00 AM
123098,QQQ,1603324691323,283.67,800,127588,283.61,283.67,0,0,0,0,0,0,4,0,0,10/21/2020 7:58:11 PM,1/1/1970 12:00:00 AM,1/1/1970 12:00:00 AM
123099,QQQ,1603324691323,283.62,2,127589,283.61,283.67,0,0,0,0,0,0,3,0,0,10/21/2020 7:58:11 PM,1/1/1970 12:00:00 AM,1/1/1970 12:00:00 AM
123100,QQQ,1603324691323,283.64,2,127590,283.61,283.67,0,0,0,0,0,0,3,0,0,10/21/2020 7:58:11 PM,1/1/1970 12:00:00 AM,1/1/1970 12:00:00 AM
123101,QQQ,1603324691323,283.66,2,127591,283.61,283.67,0,0,0,0,0,0,3,0,0,10/21/2020 7:58:11 PM,1/1/1970 12:00:00 AM,1/1/1970 12:00:00 AM
123102,QQQ,1603324691323,283.67,594,127592,283.61,283.67,0,0,0,0,0,0,4,0,0,10/21/2020 7:58:11 PM,1/1/1970 12:00:00 AM,1/1/1970 12:00:00 AM
123103,QQQ,1603324697766,283.6899,250,127593,283.63,283.69,0,0,0,0,0,0,4,0,0,10/21/2020 7:58:17 PM,1/1/1970 12:00:00 AM,1/1/1970 12:00:00 AM
123104,QQQ,1603324700760,283.69,1,127594,283.63,283.69,0,0,0,0,0,0,4,0,0,10/21/2020 7:58:20 PM,1/1/1970 12:00:00 AM,1/1/1970 12:00:00 AM
123105,QQQ,1603324702585,283.69,50,127595,283.63,283.69,0,0,0,0,0,0,4,0,0,10/21/2020 7:58:22 PM,1/1/1970 12:00:00 AM,1/1/1970 12:00:00 AM
123106,QQQ,1603324709990,283.66,200,127596,283.6,283.66,0,0,0,0,0,0,4,0,0,10/21/2020 7:58:29 PM,1/1/1970 12:00:00 AM,1/1/1970 12:00:00 AM
123107,QQQ,1603324710092,283.66,100,127597,283.6,283.66,0,0,0,0,0,0,4,0,0,10/21/2020 7:58:30 PM,1/1/1970 12:00:00 AM,1/1/1970 12:00:00 AM
123108,QQQ,1603324714452,283.62,1,127598,283.6,283.66,0,0,0,0,0,0,3,0,0,10/21/2020 7:58:34 PM,1/1/1970 12:00:00 AM,1/1/1970 12:00:00 AM
123109,QQQ,1603324714452,283.6,1,127599,283.6,283.66,0,0,0,0,0,0,2,0,0,10/21/2020 7:58:34 PM,1/1/1970 12:00:00 AM,1/1/1970 12:00:00 AM
123110,QQQ,1603324714452,283.6,13,127600,283.6,283.66,0,0,0,0,0,0,2,0,0,10/21/2020 7:58:34 PM,1/1/1970 12:00:00 AM,1/1/1970 12:00:00 AM
123111,QQQ,1603324720061,283.61,250,127601,283.6,283.64,0,0,0,0,0,0,2,0,0,10/21/2020 7:58:40 PM,1/1/1970 12:00:00 AM,1/1/1970 12:00:00 AM
123112,QQQ,1603324721965,283.6,25,127602,283.6,283.63,0,0,0,0,0,0,2,0,0,10/21/2020 7:58:41 PM,1/1/1970 12:00:00 AM,1/1/1970 12:00:00 AM
123113,QQQ,1603324722081,283.63,200,127603,283.6,283.63,0,0,0,0,0,0,4,0,0,10/21/2020 7:58:42 PM,1/1/1970 12:00:00 AM,1/1/1970 12:00:00 AM
123114,QQQ,1603324722081,283.63,200,127604,283.6,283.63,0,0,0,0,0,0,4,0,0,10/21/2020 7:58:42 PM,1/1/1970 12:00:00 AM,1/1/1970 12:00:00 AM
123115,QQQ,1603324722082,283.63,100,127605,283.6,283.63,0,0,0,0,0,0,4,0,0,10/21/2020 7:58:42 PM,1/1/1970 12:00:00 AM,1/1/1970 12:00:00 AM
123116,QQQ,1603324734013,283.63,50,127606,283.6,283.63,0,0,0,0,0,0,4,0,0,10/21/2020 7:58:54 PM,1/1/1970 12:00:00 AM,1/1/1970 12:00:00 AM
123117,QQQ,1603324737530,283.61,1,127607,283.6,283.62,0,0,0,0,0,0,2,0,0,10/21/2020 7:58:57 PM,1/1/1970 12:00:00 AM,1/1/1970 12:00:00 AM
123118,QQQ,1603324737532,283.6001,599,127608,283.6,283.62,0,0,0,0,0,0,2,0,0,10/21/2020 7:58:57 PM,1/1/1970 12:00:00 AM,1/1/1970 12:00:00 AM
123119,QQQ,1603324739519,283.62,5,127609,283.6,283.62,0,0,0,0,0,0,4,0,0,10/21/2020 7:58:59 PM,1/1/1970 12:00:00 AM,1/1/1970 12:00:00 AM
123120,QQQ,1603324741019,283.62,300,127610,283.6,283.62,0,0,0,0,0,0,4,0,0,10/21/2020 7:59:01 PM,1/1/1970 12:00:00 AM,1/1/1970 12:00:00 AM
123121,QQQ,1603324748068,283.61,15,127611,283.6,283.63,0,0,0,0,0,0,2,0,0,10/21/2020 7:59:08 PM,1/1/1970 12:00:00 AM,1/1/1970 12:00:00 AM
123122,QQQ,1603324759857,283.64,140,127612,283.64,283.69,0,0,0,0,0,0,2,0,0,10/21/2020 7:59:19 PM,1/1/1970 12:00:00 AM,1/1/1970 12:00:00 AM
123123,QQQ,1603324759857,283.64,200,127613,283.64,283.69,0,0,0,0,0,0,2,0,0,10/21/2020 7:59:19 PM,1/1/1970 12:00:00 AM,1/1/1970 12:00:00 AM
123124,QQQ,1603324763469,283.62,200,127614,283.62,283.69,0,0,0,0,0,0,2,0,0,10/21/2020 7:59:23 PM,1/1/1970 12:00:00 AM,1/1/1970 12:00:00 AM
123125,QQQ,1603324768207,283.65,200,127615,283.65,283.69,0,0,0,0,0,0,2,0,0,10/21/2020 7:59:28 PM,1/1/1970 12:00:00 AM,1/1/1970 12:00:00 AM
123126,QQQ,1603324770388,283.69,200,127616,283.65,283.69,0,0,0,0,0,0,4,0,0,10/21/2020 7:59:30 PM,1/1/1970 12:00:00 AM,1/1/1970 12:00:00 AM
123127,QQQ,1603324770388,283.69,200,127617,283.65,283.69,0,0,0,0,0,0,4,0,0,10/21/2020 7:59:30 PM,1/1/1970 12:00:00 AM,1/1/1970 12:00:00 AM
123128,QQQ,1603324773679,283.68,50,127618,283.65,283.69,0,0,0,0,0,0,3,0,0,10/21/2020 7:59:33 PM,1/1/1970 12:00:00 AM,1/1/1970 12:00:00 AM
123129,QQQ,1603324780118,283.65,300,127619,283.65,283.66,0,0,0,0,0,0,2,0,0,10/21/2020 7:59:40 PM,1/1/1970 12:00:00 AM,1/1/1970 12:00:00 AM
123130,QQQ,1603324780118,283.65,300,127620,283.65,283.66,0,0,0,0,0,0,2,0,0,10/21/2020 7:59:40 PM,1/1/1970 12:00:00 AM,1/1/1970 12:00:00 AM
123131,QQQ,1603324780118,283.65,200,127621,283.65,283.66,0,0,0,0,0,0,2,0,0,10/21/2020 7:59:40 PM,1/1/1970 12:00:00 AM,1/1/1970 12:00:00 AM
123132,QQQ,1603324785154,283.6,10,127622,283.6,283.63,0,0,0,0,0,0,2,0,0,10/21/2020 7:59:45 PM,1/1/1970 12:00:00 AM,1/1/1970 12:00:00 AM
123133,QQQ,1603324785156,283.61,5,127623,283.6,283.63,0,0,0,0,0,0,2,0,0,10/21/2020 7:59:45 PM,1/1/1970 12:00:00 AM,1/1/1970 12:00:00 AM
123134,QQQ,1603324785156,283.6,35,127624,283.6,283.63,0,0,0,0,0,0,2,0,0,10/21/2020 7:59:45 PM,1/1/1970 12:00:00 AM,1/1/1970 12:00:00 AM
123135,QQQ,1603324785809,283.6,100,127625,283.6,283.63,0,0,0,0,0,0,2,0,0,10/21/2020 7:59:45 PM,1/1/1970 12:00:00 AM,1/1/1970 12:00:00 AM
123136,QQQ,1603324790110,283.62,40,127626,283.6,283.62,0,0,0,0,0,0,4,0,0,10/21/2020 7:59:50 PM,1/1/1970 12:00:00 AM,1/1/1970 12:00:00 AM
123137,QQQ,1603324791962,283.63,100,127627,283.6,283.61,0,0,0,0,0,0,5,0,0,10/21/2020 7:59:51 PM,1/1/1970 12:00:00 AM,1/1/1970 12:00:00 AM
123138,QQQ,1603324794225,283.6,10,127628,283.6,283.62,0,0,0,0,0,0,2,0,0,10/21/2020 7:59:54 PM,1/1/1970 12:00:00 AM,1/1/1970 12:00:00 AM
123139,QQQ,1603324795161,283.6,50,127629,283.6,283.62,0,0,0,0,0,0,2,0,0,10/21/2020 7:59:55 PM,1/1/1970 12:00:00 AM,1/1/1970 12:00:00 AM
123140,QQQ,1603324798178,283.6,305,127630,283.6,283.61,0,0,0,0,0,0,2,0,0,10/21/2020 7:59:58 PM,1/1/1970 12:00:00 AM,1/1/1970 12:00:00 AM
